experiment,features_used,fold,train_samples,val_samples,accuracy,precision,recall,f1_score,roc_auc,pr_auc
Exp A: NDVI Only,NDVI,1,644,161,0.770186,0.789474,0.740741,0.764331,0.841200,0.821500
Exp A: NDVI Only,NDVI,2,644,161,0.782609,0.792453,0.759036,0.775385,0.852000,0.835000
Exp A: NDVI Only,NDVI,3,644,161,0.763975,0.771429,0.729730,0.750000,0.838500,0.816000
Exp A: NDVI Only,NDVI,4,644,161,0.751553,0.760000,0.712500,0.735484,0.829000,0.805000
Exp A: NDVI Only,NDVI,5,644,161,0.776398,0.784810,0.746988,0.765432,0.846500,0.828000
Exp B: NDBI Only,NDBI,1,644,161,0.801242,0.812500,0.802469,0.807453,0.875000,0.858000
Exp B: NDBI Only,NDBI,2,644,161,0.813665,0.825000,0.795181,0.809816,0.884500,0.869000
Exp B: NDBI Only,NDBI,3,644,161,0.795031,0.802632,0.782051,0.792208,0.869000,0.849500
Exp B: NDBI Only,NDBI,4,644,161,0.788820,0.794872,0.775000,0.784810,0.862000,0.841000
Exp B: NDBI Only,NDBI,5,644,161,0.807453,0.817073,0.797590,0.807229,0.879500,0.862500
Exp C: NDVI + NDBI,NDVI+NDBI,1,644,161,0.850932,0.853659,0.853659,0.853659,0.924500,0.908000
Exp C: NDVI + NDBI,NDVI+NDBI,2,644,161,0.863354,0.867470,0.855422,0.861386,0.932000,0.916500
Exp C: NDVI + NDBI,NDVI+NDBI,3,644,161,0.844720,0.848101,0.837500,0.842767,0.918000,0.899500
Exp C: NDVI + NDBI,NDVI+NDBI,4,644,161,0.838509,0.842105,0.831169,0.836601,0.912500,0.894000
Exp C: NDVI + NDBI,NDVI+NDBI,5,644,161,0.857143,0.860759,0.850000,0.855346,0.927500,0.911000
