model,fold,train_samples,val_samples,accuracy,precision,recall,f1_score,roc_auc,pr_auc
Random Forest,1,644,161,0.850932,0.853659,0.853659,0.853659,0.924500,0.908000
Random Forest,2,644,161,0.863354,0.867470,0.855422,0.861386,0.932000,0.916500
Random Forest,3,644,161,0.844720,0.848101,0.837500,0.842767,0.918000,0.899500
Random Forest,4,644,161,0.838509,0.842105,0.831169,0.836601,0.912500,0.894000
Random Forest,5,644,161,0.857143,0.860759,0.850000,0.855346,0.927500,0.911000
Logistic Regression,1,644,161,0.832298,0.837500,0.827160,0.832298,0.908000,0.889000
Logistic Regression,2,644,161,0.844720,0.848837,0.843373,0.846154,0.915500,0.898000
Logistic Regression,3,644,161,0.826087,0.831169,0.820513,0.825806,0.901000,0.881000
Logistic Regression,4,644,161,0.819876,0.824324,0.802632,0.813333,0.895500,0.875000
Logistic Regression,5,644,161,0.838509,0.841463,0.831325,0.836364,0.911000,0.892000
Support Vector Machine,1,644,161,0.857143,0.860759,0.851852,0.856287,0.928000,0.912000
Support Vector Machine,2,644,161,0.869565,0.872340,0.867470,0.869880,0.935500,0.921000
Support Vector Machine,3,644,161,0.850932,0.855263,0.844156,0.849673,0.921500,0.903500
Support Vector Machine,4,644,161,0.844720,0.848101,0.837500,0.842767,0.916000,0.898000
Support Vector Machine,5,644,161,0.863354,0.865854,0.857143,0.861455,0.931000,0.915000
Gradient Boosting,1,644,161,0.850932,0.853659,0.853659,0.853659,0.923500,0.907000
Gradient Boosting,2,644,161,0.863354,0.867470,0.855422,0.861386,0.931000,0.915000
Gradient Boosting,3,644,161,0.844720,0.848101,0.837500,0.842767,0.917000,0.898500
Gradient Boosting,4,644,161,0.838509,0.842105,0.831169,0.836601,0.911500,0.893000
Gradient Boosting,5,644,161,0.857143,0.860759,0.850000,0.855346,0.926500,0.910000
