spatial_block,sample_count,c0_count,c1_count,assigned_partition
B_train_01,28,14,14,train
B_train_02,28,14,14,train
B_train_03,28,14,14,train
B_train_04,28,14,14,train
B_train_05,28,14,14,train
B_train_06,28,14,14,train
B_train_07,28,14,14,train
B_train_08,28,14,14,train
B_train_09,28,14,14,train
B_train_10,28,14,14,train
B_train_11,28,14,14,train
B_train_12,28,14,14,train
B_train_13,27,13,14,train
B_train_14,26,13,13,train
B_train_15,26,13,13,train
B_train_16,26,13,13,train
B_train_17,26,13,13,train
B_train_18,26,13,13,train
B_train_19,26,13,13,train
B_train_20,26,13,13,train
B_train_21,26,13,13,train
B_train_22,26,13,13,train
B_train_23,26,13,13,train
B_train_24,26,13,13,train
B_train_25,26,13,13,train
B_train_26,26,13,13,train
B_train_27,26,13,13,train
B_train_28,26,13,13,train
B_train_29,26,13,13,train
B_train_30,26,13,13,train
B_test_01,20,10,10,test
B_test_02,20,10,10,test
B_test_03,20,10,10,test
B_test_04,20,10,10,test
B_test_05,20,10,10,test
B_test_06,20,10,10,test
B_test_07,20,10,10,test
B_test_08,19,10,9,test
B_test_09,18,9,9,test
B_test_10,18,9,9,test
