NDVI,NDBI,hotspot_label,longitude,latitude
0.429671,-0.187993,0,76.56126,12.212247
0.366174,-0.094983,0,76.564796,12.21308
0.444769,-0.131026,0,76.564863,12.213187
0.532303,-0.02486,0,76.564234,12.211739
0.356585,-0.122642,0,76.562218,12.214878
0.356586,-0.162984,0,76.561391,12.214101
0.537921,0.067252,0,76.563737,12.214758
0.456743,-0.068062,0,76.562761,12.214579
0.333053,-0.044598,0,76.561488,12.213392
0.434256,-0.16398,0,76.562981,12.214687
0.333658,-0.093551,0,76.561138,12.211354
0.333427,-0.041126,0,76.564637,12.211784
0.404196,-0.142079,0,76.562035,12.211181
0.188672,-0.019944,0,76.56365,12.212301
0.176503,0.103188,1,76.564084,12.211915
0.229611,0.148288,1,76.562975,12.211308
0.247755,0.046458,1,76.563091,12.212159
0.353999,0.067004,1,76.56271,12.211645
0.304053,0.002557,1,76.561102,12.214719
0.156587,-0.003734,1,76.561432,12.214232
0.302686,0.136877,1,76.561126,12.213534
0.253044,0.174937,1,76.563546,12.214486
0.232615,0.074959,1,76.562257,12.214215
0.322817,0.150247,1,76.563034,12.211746
0.35217,0.105315,1,76.56463,12.21457
0.34519,0.034842,1,76.561997,12.213157
0.221255,0.105298,1,76.562642,12.21423
0.258355,0.187663,1,76.564022,12.214584
0.309795,0.100895,0,76.591951,12.213048
0.347234,-0.036034,0,76.593913,12.211906
0.340789,-0.029396,0,76.592471,12.213581
0.233649,-0.055956,0,76.593529,12.211697
0.409612,-0.203502,0,76.593534,12.213764
0.406106,-0.052121,0,76.593143,12.212547
0.380511,-0.045182,0,76.591361,12.214747
0.356541,0.147059,0,76.594341,12.21155
0.238463,-0.065389,0,76.592283,12.212364
0.337935,-0.025876,0,76.591746,12.211454
0.345729,-0.052777,0,76.591163,12.214699
0.299772,-0.143494,0,76.593364,12.214509
0.363871,0.041426,0,76.59371,12.212032
0.420405,0.010155,0,76.591066,12.21364
0.295922,0.100515,1,76.591375,12.212123
0.3715,0.029995,1,76.592471,12.211097
0.167476,0.210604,1,76.592061,12.213582
0.292924,0.113168,1,76.591976,12.211708
0.298192,-0.003391,1,76.594892,12.214762
0.334728,0.125959,1,76.592572,12.214816
0.193413,0.011772,1,76.594568,12.214659
0.187568,0.135096,1,76.593525,12.212481
0.316536,0.161102,1,76.594179,12.211062
0.300789,0.022552,1,76.593011,12.214713
0.297534,0.147436,1,76.593308,12.212713
0.304251,0.108895,1,76.59297,12.214867
0.232398,0.137544,1,76.591781,12.214854
0.296258,0.212776,1,76.59389,12.214412
0.295321,0.036644,0,76.622502,12.21408
0.228515,0.034304,0,76.621376,12.211863
0.335349,-0.160214,0,76.623313,12.213492
0.46564,-0.125026,0,76.621144,12.211341
0.401409,-0.008797,0,76.622862,12.211207
0.255426,-0.008897,0,76.623171,12.213125
0.397318,-0.008796,0,76.622146,12.213163
0.418532,0.15,0,76.623363,12.21355
0.291614,-0.004329,0,76.621122,12.213904
0.395373,0.040845,0,76.621149,12.214903
0.385821,0.02632,0,76.62429,12.213065
0.265703,0.002111,0,76.622441,12.212292
0.415779,-0.075222,0,76.621508,12.214181
0.436078,0.010718,0,76.623089,12.212083
0.224524,-0.026356,1,76.62354,12.212553
0.271968,0.046104,1,76.621181,12.213573
0.315349,0.168684,1,76.622498,12.212833
0.340603,0.030463,1,76.623503,12.213182
0.195979,0.111067,1,76.623013,12.214766
0.256585,0.134224,1,76.624426,12.212544
0.246754,0.015115,1,76.623635,12.214845
0.234267,0.075833,1,76.621652,12.214621
0.403582,-0.146889,1,76.621282,12.211783
0.308349,0.008293,1,76.62357,12.211277
0.191738,0.06232,1,76.621106,12.211403
0.34425,-0.007345,1,76.623343,12.211073
0.428551,0.194269,1,76.624761,12.211378
0.352273,-0.02011,1,76.623302,12.213732
0.359188,-0.051672,0,76.652557,12.214166
0.3307,-0.040614,0,76.651043,12.214158
0.321064,0.052213,0,76.654622,12.211365
0.46496,-0.097326,0,76.651365,12.212978
0.415702,-0.006232,0,76.652277,12.21123
0.310709,-0.066175,0,76.6548,12.213198
0.46996,-0.067414,0,76.654802,12.212766
0.41073,0.037902,0,76.653294,12.214551
0.461286,0.016033,0,76.653527,12.212404
0.442963,0.015081,0,76.652794,12.211468
0.2971,0.054438,0,76.652173,12.211572
0.323982,-0.04832,0,76.652315,12.214046
0.454729,0.004556,0,76.65369,12.213473
0.441037,-0.074821,0,76.654009,12.211404
0.297148,0.078704,1,76.654877,12.21211
0.244514,0.059794,1,76.653092,12.211752
0.247027,0.10259,1,76.653518,12.212855
0.296243,0.022094,1,76.653783,12.212413
0.178634,0.116354,1,76.652818,12.213335
0.181478,0.187292,1,76.65351,12.211311
0.229709,0.072387,1,76.653337,12.214898
0.265059,0.10812,1,76.654605,12.214945
0.301764,0.12831,1,76.651182,12.213793
0.383275,0.051915,1,76.652124,12.213144
0.340036,0.095686,1,76.654802,12.212238
0.268804,0.080881,1,76.654561,12.214255
0.278669,0.086837,1,76.652823,12.213739
0.209823,0.025889,1,76.653481,12.21165
0.247977,-0.13541,0,76.683208,12.212569
0.563146,-0.06139,0,76.683244,12.21275
0.497944,-0.040376,0,76.684507,12.214617
0.333082,-0.008845,0,76.682614,12.212393
0.208687,0.006929,0,76.681536,12.213056
0.515387,-0.139971,0,76.681115,12.214135
0.368546,-0.172729,0,76.684021,12.212586
0.503782,0.052214,0,76.683481,12.213488
0.220557,-0.023415,0,76.683816,12.214449
0.320062,-0.109879,0,76.681852,12.214798
0.380524,0.074092,0,76.681545,12.211588
0.384698,-0.040746,0,76.681058,12.214706
0.334993,0.044344,0,76.682402,12.212968
0.442285,-0.044599,0,76.68336,12.212033
0.306885,0.042882,1,76.681738,12.211429
0.277711,0.024499,1,76.681837,12.21279
0.14,0.072508,1,76.682482,12.21313
0.273762,0.007533,1,76.682938,12.21197
0.188687,0.041245,1,76.683473,12.212077
0.326877,-0.003851,1,76.682476,12.212509
0.305662,0.217531,1,76.68285,12.21108
0.214208,0.082468,1,76.68399,12.212288
0.244029,0.031019,1,76.681147,12.211846
0.205855,0.094979,1,76.68201,12.21231
0.275612,0.072137,1,76.683853,12.211479
0.34686,0.064532,1,76.684581,12.214562
0.210999,0.122992,1,76.683047,12.213374
0.315283,0.133026,1,76.683128,12.213716
0.379203,-0.102051,0,76.714718,12.211617
0.527994,-0.08897,0,76.713227,12.212925
0.387737,-0.097392,0,76.713286,12.21313
0.293872,-0.119119,0,76.71212,12.211207
0.532312,-0.046118,0,76.714078,12.212346
0.433891,-0.116476,0,76.711748,12.211538
0.276275,-0.028363,0,76.712295,12.211253
0.360966,-0.054019,0,76.712702,12.21496
0.292438,-0.069116,0,76.71303,12.212289
0.24172,-0.122605,0,76.71197,12.214239
0.472618,-0.096142,0,76.711459,12.212019
0.570942,0.010431,0,76.713442,12.213726
0.240143,-0.009927,0,76.712155,12.214041
0.436297,-0.128204,0,76.713325,12.213383
0.14,0.107612,1,76.711929,12.214576
0.224217,0.050531,1,76.714598,12.214154
0.320395,0.100284,1,76.712536,12.211607
0.265787,0.225278,1,76.713174,12.212247
0.30598,0.140979,1,76.714626,12.211994
0.237721,0.057178,1,76.713497,12.213976
0.286061,0.164085,1,76.711468,12.211134
0.269103,0.051435,1,76.714759,12.21328
0.361745,-0.062669,1,76.713511,12.21405
0.297809,0.009434,1,76.71234,12.214507
0.303632,-0.050955,1,76.711557,12.212368
0.251169,0.055394,1,76.714176,12.214285
0.245868,0.081289,1,76.71348,12.211443
0.249721,0.197351,1,76.713134,12.214386
0.353013,0.002349,0,76.562697,12.246219
0.282124,-0.054447,0,76.563946,12.247341
0.335571,-0.027603,0,76.564737,12.249211
0.41773,-0.140039,0,76.564702,12.246019
0.455699,0.14566,0,76.562803,12.247334
0.287783,-0.039662,0,76.561453,12.247593
0.466961,-0.041248,0,76.564939,12.24815
0.515564,0.008061,0,76.564356,12.249679
0.421343,-0.011519,0,76.561499,12.247385
0.56768,-0.032089,0,76.564683,12.247388
0.302621,-0.113238,0,76.56448,12.24895
0.255535,-0.012283,0,76.563075,12.247809
0.202128,0.100562,0,76.563365,12.246898
0.529604,0.057634,0,76.562596,12.24781
0.262798,0.093866,1,76.561621,12.246924
0.260909,0.069895,1,76.561728,12.248688
0.14,0.039844,1,76.564447,12.246079
0.276199,0.04172,1,76.564784,12.246416
0.263835,0.077707,1,76.562493,12.2492
0.328734,0.04196,1,76.562083,12.246714
0.409427,0.030101,1,76.563576,12.248611
0.35886,0.08745,1,76.562635,12.246953
0.261178,0.062152,1,76.561102,12.246398
0.202543,0.18528,1,76.561625,12.246973
0.460135,-0.105568,1,76.563864,12.248889
0.284145,0.156405,1,76.563636,12.249423
0.280975,0.167226,1,76.561108,12.249321
0.278311,-0.065137,1,76.561888,12.247589
0.271894,-0.152434,0,76.592075,12.247096
0.441594,0.090384,0,76.593167,12.248217
0.43931,-0.216554,0,76.593534,12.248606
0.349045,0.085717,0,76.592032,12.249319
0.412613,-0.033119,0,76.591557,12.246826
0.254889,-0.057737,0,76.59434,12.246044
0.472403,-0.093594,0,76.594938,12.246548
0.36151,-0.018069,0,76.593103,12.2496
0.327728,-0.053011,0,76.591687,12.249496
0.484901,0.038264,0,76.592089,12.24839
0.309566,-0.040862,0,76.591074,12.248402
0.239154,-0.037976,0,76.594657,12.24866
0.224337,-0.079089,0,76.591471,12.246701
0.440601,-0.054556,0,76.593306,12.249658
0.151139,0.013542,1,76.593754,12.246741
0.19043,0.264267,1,76.592739,12.248168
0.236263,0.114532,1,76.591986,12.249492
0.281826,0.092939,1,76.594276,12.248929
0.316236,0.019915,1,76.594198,12.249226
0.229198,0.129022,1,76.593779,12.248635
0.293074,0.039705,1,76.592089,12.248769
0.227123,0.088541,1,76.593361,12.249397
0.237194,0.259206,1,76.592444,12.246999
0.181534,0.073276,1,76.591366,12.247958
0.215374,0.160449,1,76.594669,12.246885
0.185382,0.030778,1,76.591547,12.249951
0.211689,0.077551,1,76.594801,12.249776
0.353755,0.203956,1,76.592784,12.246158
0.422962,-0.08476,0,76.621932,12.249495
0.400769,-0.074734,0,76.621098,12.249936
0.407158,-0.032229,0,76.62448,12.249073
0.252325,-0.0883,0,76.621085,12.247671
0.271894,0.05046,0,76.624499,12.247685
0.485315,-0.121569,0,76.623116,12.24895
0.376044,-0.06495,0,76.624756,12.246955
0.44815,-0.085178,0,76.624195,12.246442
0.382832,0.065758,0,76.624992,12.247418
0.382976,-0.034276,0,76.622403,12.247149
0.473828,0.032548,0,76.624069,12.247185
0.328396,-0.168845,0,76.622608,12.246934
0.389612,-0.028636,0,76.62292,12.246168
0.333772,0.02117,0,76.62351,12.246071
0.277572,0.035358,1,76.623372,12.247491
0.296395,0.04283,1,76.62332,12.247039
0.388535,0.03638,1,76.621366,12.248894
0.210115,0.041117,1,76.62451,12.247984
0.348903,0.035383,1,76.622062,12.246324
0.265021,0.163231,1,76.621518,12.246881
0.276538,0.179435,1,76.624555,12.248733
0.327237,0.040048,1,76.624823,12.246305
0.201409,0.021735,1,76.624449,12.249405
0.306769,0.112999,1,76.624238,12.247981
0.291652,0.041344,1,76.623621,12.247922
0.314472,0.124305,1,76.623203,12.24837
0.300242,0.094205,1,76.621348,12.249299
0.451871,-0.026102,1,76.622634,12.247391
0.448189,0.046521,0,76.654044,12.247384
0.564671,-0.115355,0,76.653165,12.248484
0.438393,-0.020506,0,76.654852,12.246183
0.344071,-0.081467,0,76.652367,12.249486
0.439065,-0.0477,0,76.65353,12.249894
0.49087,0.052276,0,76.654728,12.249876
0.462048,-0.034712,0,76.65141,12.248999
0.430727,-0.046285,0,76.654749,12.24652
0.486667,-0.158788,0,76.653752,12.249033
0.49693,0.0097,0,76.651271,12.246098
0.518216,0.001639,0,76.652204,12.246088
0.444871,0.12306,0,76.653833,12.247294
0.363288,-0.074622,0,76.651269,12.247955
0.394671,-0.032468,0,76.653329,12.249082
0.241136,0.209265,1,76.654084,12.246802
0.411681,0.005094,1,76.654379,12.247966
0.178639,-0.026787,1,76.654044,12.246257
0.14,0.031566,1,76.653505,12.248328
0.310801,0.076809,1,76.651525,12.247076
0.244856,0.097034,1,76.65113,12.24919
0.208514,0.063113,1,76.654683,12.247241
0.329585,0.104644,1,76.653467,12.247821
0.297066,-0.007608,1,76.654186,12.246046
0.240514,0.181064,1,76.652926,12.24629
0.190379,0.074249,1,76.651469,12.24757
0.341072,0.158211,1,76.651501,12.24792
0.325514,0.103991,1,76.653742,12.2484
0.273058,0.111973,1,76.652721,12.247167
0.45858,-0.13013,0,76.682358,12.249487
0.422546,-0.072488,0,76.684259,12.246877
0.283302,0.093815,0,76.68132,12.249903
0.375229,0.001267,0,76.684579,12.247348
0.37964,-0.095694,0,76.68319,12.246728
0.264164,-0.004193,0,76.684269,12.249159
0.53034,0.061948,0,76.682809,12.248635
0.467736,0.023971,0,76.683574,12.247993
0.357904,-0.04523,0,76.683106,12.248221
0.382689,-0.101755,0,76.683926,12.248877
0.400838,0.005858,0,76.681327,12.246914
0.175827,-0.018521,0,76.681241,12.249985
0.355282,0.021615,0,76.681988,12.249899
0.311802,0.000814,0,76.681638,12.248601
0.322946,0.155508,1,76.684886,12.248627
0.208405,0.077304,1,76.681724,12.247301
0.261984,0.067916,1,76.684418,12.249094
0.163199,0.141856,1,76.682969,12.246523
0.307946,0.125663,1,76.681989,12.249879
0.325304,-0.030347,1,76.684483,12.247815
0.246177,0.183358,1,76.682781,12.246944
0.390179,0.176606,1,76.683059,12.246294
0.194196,0.036211,1,76.682437,12.246679
0.177494,0.107706,1,76.683372,12.248079
0.295712,0.114582,1,76.681654,12.247348
0.353297,0.098247,1,76.682564,12.249316
0.397875,0.041479,1,76.684878,12.247724
0.247878,0.032986,1,76.682033,12.246995
0.530076,0.00821,0,76.711807,12.249476
0.465022,-0.045844,0,76.713694,12.248282
0.345135,0.008611,0,76.71488,12.246122
0.345074,-0.056457,0,76.711376,12.249724
0.347836,-0.043709,0,76.71369,12.248758
0.587675,-0.209856,0,76.712775,12.248706
0.418194,0.023306,0,76.714473,12.246863
0.423004,-0.022281,0,76.711709,12.248636
0.483028,0.029841,0,76.713771,12.247575
0.403879,-0.2817,0,76.714352,12.248605
0.354096,0.11707,0,76.714778,12.246426
0.360365,-0.061167,0,76.713733,12.248631
0.37284,0.038655,0,76.712989,12.249998
0.376278,-0.133192,0,76.713471,12.246193
0.27551,0.069496,1,76.713478,12.249252
0.303013,0.08879,1,76.712854,12.248872
0.302495,0.067885,1,76.712519,12.249822
0.309534,0.081091,1,76.714453,12.246073
0.39296,0.003261,1,76.713076,12.246783
0.311747,-0.020804,1,76.712917,12.24603
0.262909,0.191615,1,76.711103,12.24859
0.347486,0.020713,1,76.712365,12.249592
0.363263,0.010603,1,76.712521,12.246974
0.194067,-0.070737,1,76.712595,12.249708
0.321818,0.035273,1,76.713321,12.246241
0.329082,-0.012616,1,76.713134,12.249738
0.259171,0.194941,1,76.713432,12.247406
0.376299,0.150687,1,76.71406,12.246406
0.210704,-0.127468,0,76.564806,12.282099
0.370166,-0.04157,0,76.563406,12.28429
0.281141,-0.156722,0,76.564277,12.282695
0.269641,-0.098109,0,76.564537,12.28367
0.397989,-0.024417,0,76.561912,12.281382
0.5192,-0.177439,0,76.561848,12.283495
0.471832,-0.014762,0,76.563444,12.282807
0.22295,-0.051571,0,76.562644,12.283346
0.281037,-0.005801,0,76.564359,12.281672
0.474077,-0.032087,0,76.5646,12.283947
0.281751,0.059131,0,76.562414,12.284451
0.357537,-0.039982,0,76.561947,12.281867
0.435005,-0.084352,0,76.564122,12.281383
0.283067,0.053461,1,76.562332,12.281387
0.26971,0.065749,1,76.563678,12.282801
0.347472,0.039282,1,76.564977,12.284025
0.434737,0.008967,1,76.563647,12.28239
0.240976,0.034551,1,76.563231,12.28366
0.184114,-0.005676,1,76.563923,12.284182
0.27382,0.082386,1,76.562861,12.284709
0.46058,0.026102,1,76.561241,12.281939
0.223743,0.096365,1,76.563249,12.282597
0.394738,-0.028913,1,76.564831,12.28161
0.397439,0.103162,1,76.561701,12.28497
0.241249,0.138347,1,76.56376,12.284708
0.319829,-0.059561,1,76.561804,12.28316
0.393988,0.106184,1,76.563143,12.284368
0.611933,-0.222231,0,76.591324,12.284059
0.419332,-0.018914,0,76.592612,12.281699
0.399205,0.14944,0,76.591694,12.28301
0.349088,-0.050486,0,76.59378,12.282595
0.393354,0.017079,0,76.592384,12.281585
0.364753,-0.043454,0,76.594902,12.28247
0.450811,-0.057911,0,76.593564,12.281273
0.47567,0.023526,0,76.59429,12.281103
0.301401,-0.073222,0,76.59153,12.281541
0.246877,-0.028609,0,76.594448,12.284852
0.196379,-0.024264,0,76.594691,12.283198
0.430799,-0.103447,0,76.592948,12.284863
0.269663,0.029363,0,76.593425,12.28273
0.284513,0.058827,1,76.592471,12.281861
0.141717,0.052828,1,76.592657,12.281048
0.214247,0.091929,1,76.59431,12.281965
0.269914,0.09124,1,76.593934,12.284903
0.195321,0.080213,1,76.594077,12.284206
0.321995,0.110586,1,76.591044,12.284838
0.387153,0.163345,1,76.592665,12.282951
0.365313,0.146469,1,76.592925,12.281439
0.265059,-0.023943,1,76.591077,12.283192
0.384351,-0.098774,1,76.592039,12.282818
0.290407,0.145402,1,76.594041,12.284377
0.256404,-0.015682,1,76.591548,12.281392
0.237062,0.064266,1,76.593141,12.282953
0.335672,-0.089033,0,76.621167,12.281741
0.29152,0.122585,0,76.621339,12.281696
0.362705,-0.098457,0,76.623865,12.281394
0.551171,0.009368,0,76.621288,12.283641
0.24281,-0.026057,0,76.621285,12.284057
0.218644,0.054139,0,76.621048,12.28206
0.527117,0.074921,0,76.624826,12.281084
0.359068,-0.04744,0,76.62395,12.281329
0.313093,-0.110273,0,76.622413,12.284871
0.48399,-0.013202,0,76.622186,12.282182
0.319438,-0.104217,0,76.622399,12.284077
0.562601,0.111071,0,76.624099,12.283499
0.447793,-0.039077,0,76.623645,12.282528
0.257412,0.155076,1,76.624445,12.28475
0.262442,0.054453,1,76.624386,12.281173
0.372974,0.021255,1,76.624676,12.281659
0.318936,0.006863,1,76.622009,12.281527
0.311912,-0.057645,1,76.62402,12.283904
0.43155,0.223934,1,76.622842,12.284271
0.234954,0.002775,1,76.624368,12.281854
0.344949,0.064512,1,76.623914,12.283023
0.283991,0.060623,1,76.624106,12.284363
0.298801,0.101518,1,76.623625,12.283931
0.386993,0.137102,1,76.62171,12.283169
0.315549,0.140233,1,76.62318,12.283361
0.317681,0.039185,1,76.624939,12.283033
0.436551,-0.018426,0,76.652222,12.282422
0.203924,-0.145671,0,76.654507,12.284177
0.455334,-0.014432,0,76.654985,12.281372
0.418116,0.045731,0,76.652473,12.283353
0.508975,-0.098783,0,76.652794,12.282924
0.447318,-0.060721,0,76.653888,12.283569
0.366154,-0.048825,0,76.654545,12.281259
0.25757,-0.112792,0,76.653372,12.28332
0.359098,0.001862,0,76.652566,12.283246
0.294948,-0.059676,0,76.65265,12.283243
0.321948,-0.016437,0,76.653782,12.283414
0.438858,-0.120999,0,76.651013,12.283706
0.54699,-0.084997,0,76.653478,12.28422
0.334485,-0.050658,1,76.653287,12.282719
0.241417,0.074212,1,76.653351,12.284491
0.222726,0.071478,1,76.651738,12.284368
0.279764,0.185941,1,76.652449,12.281744
0.268087,0.124157,1,76.652338,12.284211
0.248274,0.008307,1,76.651105,12.282833
0.328747,0.209786,1,76.651097,12.282932
0.346871,0.165472,1,76.654327,12.281534
0.286188,0.120747,1,76.652092,12.281322
0.383427,0.064146,1,76.653072,12.283912
0.200082,0.012839,1,76.652195,12.282986
0.266444,0.053946,1,76.654763,12.282747
0.229822,0.156212,1,76.652037,12.283918
0.319779,-0.114254,0,76.683923,12.282004
0.426877,0.069415,0,76.684925,12.284402
0.280161,-0.07169,0,76.682026,12.283245
0.410179,-0.051709,0,76.683617,12.283094
0.456608,-0.109777,0,76.681792,12.281459
0.502693,-0.243939,0,76.683261,12.284441
0.369985,0.020724,0,76.682856,12.283891
0.359633,0.008948,0,76.684888,12.281271
0.292202,-0.072506,0,76.683434,12.283831
0.297312,-0.044641,0,76.682398,12.283174
0.357352,-0.008725,0,76.681456,12.281327
0.416737,-0.175004,0,76.681605,12.282833
0.471358,-0.092324,0,76.681901,12.282939
0.310559,0.013267,1,76.684288,12.283132
0.343275,0.088587,1,76.682522,12.281632
0.14,0.193727,1,76.684102,12.283784
0.209319,0.102616,1,76.684858,12.284173
0.323341,0.062335,1,76.681815,12.282267
0.424025,0.059573,1,76.683093,12.284429
0.281456,-0.029423,1,76.682149,12.284625
0.22904,0.141818,1,76.684171,12.282108
0.267197,0.074551,1,76.68331,12.284934
0.376241,0.067366,1,76.683538,12.281563
0.234783,0.303518,1,76.684192,12.281808
0.224057,0.100913,1,76.682584,12.281737
0.246208,0.027375,1,76.68466,12.284576
0.284488,0.15,0,76.712837,12.283995
0.42236,-0.003629,0,76.712431,12.283605
0.586252,-0.023936,0,76.712977,12.283484
0.273247,-0.034449,0,76.714313,12.282409
0.382422,-0.078253,0,76.712341,12.284366
0.521222,-0.022921,0,76.711695,12.282885
0.372036,-0.073632,0,76.713848,12.284916
0.425237,-0.036523,0,76.714304,12.283537
0.273761,0.055408,0,76.711403,12.281505
0.422831,-0.130523,0,76.711959,12.283705
0.361286,0.04119,0,76.711568,12.2823
0.478573,0.055369,0,76.712392,12.283745
0.498739,-0.059445,0,76.712801,12.281279
0.29983,0.114243,1,76.714907,12.284851
0.261877,0.124431,1,76.711443,12.283907
0.321069,0.157679,1,76.71269,12.282219
0.246757,0.108687,1,76.711168,12.284318
0.340991,0.063112,1,76.71396,12.282126
0.185781,0.12708,1,76.714672,12.284491
0.288847,0.212992,1,76.71212,12.28145
0.415725,0.070716,1,76.714433,12.283815
0.209977,0.011783,1,76.712169,12.283163
0.232558,0.157496,1,76.714643,12.281386
0.315974,0.071573,1,76.714016,12.281968
0.292571,-0.072087,1,76.71422,12.28105
0.304544,0.13932,1,76.711072,12.282875
0.459994,-0.009912,0,76.563367,12.316284
0.218369,-0.034833,0,76.563811,12.317018
0.274632,0.030084,0,76.56195,12.317447
0.27322,-0.266259,0,76.563049,12.31789
0.475031,0.00423,0,76.561417,12.316183
0.551061,-0.102326,0,76.562538,12.31656
0.369555,-0.196451,0,76.562951,12.317107
0.363118,-0.009104,0,76.563609,12.319886
0.387005,0.059893,0,76.564802,12.317325
0.496188,-0.060996,0,76.563403,12.317928
0.287265,0.02623,0,76.563974,12.316784
0.403837,0.078982,0,76.563025,12.318443
0.47752,0.055193,0,76.563536,12.317123
0.285771,0.024278,1,76.564295,12.317476
0.177971,0.15532,1,76.56482,12.316484
0.258355,0.081492,1,76.564285,12.317676
0.227349,0.213083,1,76.561006,12.319005
0.302342,0.075754,1,76.563546,12.316284
0.373832,0.030412,1,76.561205,12.316321
0.148738,-0.02596,1,76.56203,12.317419
0.288052,-0.04622,1,76.561238,12.319767
0.268791,-0.03089,1,76.563415,12.318674
0.326994,0.098699,1,76.563746,12.318715
0.294924,0.115611,1,76.561458,12.317448
0.227362,-0.030683,1,76.562535,12.318375
0.257666,0.142653,1,76.562825,12.316041
0.450821,-0.042572,0,76.592786,12.316667
0.403322,-0.037211,0,76.594194,12.317722
0.475314,-0.132214,0,76.59429,12.31657
0.408712,0.051257,0,76.59443,12.31956
0.318756,-0.119294,0,76.594667,12.317384
0.41615,0.027557,0,76.592724,12.316618
0.265627,-0.015824,0,76.592275,12.316102
0.390856,-0.101698,0,76.593329,12.318583
0.376677,0.092025,0,76.592485,12.318548
0.359188,-0.145491,0,76.593404,12.317362
0.367146,0.023532,0,76.593822,12.316287
0.191815,0.030047,0,76.593754,12.317639
0.325128,-0.10365,0,76.592498,12.317245
0.34754,0.072327,1,76.592542,12.31737
0.393091,0.073815,1,76.592362,12.317081
0.193596,0.054099,1,76.593166,12.319866
0.238528,0.061884,1,76.591617,12.318231
0.278152,0.191905,1,76.593215,12.317389
0.299611,0.119264,1,76.593167,12.318322
0.223328,0.059316,1,76.594048,12.316557
0.309684,0.128787,1,76.594335,12.317776
0.246831,0.056633,1,76.592762,12.318505
0.278988,0.162119,1,76.592209,12.317956
0.31824,0.105875,1,76.592037,12.317607
0.28045,0.072489,1,76.591778,12.319975
0.249453,0.11134,1,76.591231,12.319521
0.490096,-0.081332,0,76.624047,12.316437
0.575835,-0.02847,0,76.622546,12.319416
0.257045,-0.077455,0,76.623045,12.317757
0.42967,-0.000274,0,76.622969,12.319388
0.333469,-0.079569,0,76.623309,12.319572
0.369405,-0.019832,0,76.624462,12.31625
0.644434,-0.052341,0,76.624923,12.319534
0.229703,0.040084,0,76.62263,12.317793
0.405374,-0.054111,0,76.62431,12.318042
0.426769,-0.191843,0,76.624058,12.318506
0.488579,0.050954,0,76.623294,12.319706
0.389798,-0.122459,0,76.624824,12.316076
0.410805,-0.102301,0,76.621802,12.317907
0.358688,0.110235,1,76.622395,12.316292
0.346327,0.136029,1,76.621444,12.317611
0.225899,0.1328,1,76.624233,12.317181
0.308494,0.163224,1,76.624791,12.31693
0.211984,0.129581,1,76.621289,12.317124
0.183427,0.104601,1,76.62482,12.319214
0.23613,0.154911,1,76.62309,12.319717
0.340368,0.078144,1,76.622198,12.31762
0.346719,0.018269,1,76.621307,12.319624
0.315916,0.068585,1,76.623002,12.317286
0.330757,0.027857,1,76.624178,12.317906
0.316132,0.032738,1,76.623828,12.316904
0.235096,0.069884,1,76.621201,12.318562
0.385993,-0.009562,0,76.651001,12.317082
0.407738,0.034817,0,76.653045,12.319371
0.516066,0.15,0,76.651187,12.317253
0.249118,-0.018607,0,76.652105,12.319156
0.17,-0.090717,0,76.653828,12.319567
0.398385,-0.052046,0,76.651251,12.317735
0.560051,-0.191526,0,76.654357,12.31964
0.503895,-0.105577,0,76.651015,12.317509
0.400966,-0.082743,0,76.651987,12.319856
0.330836,-0.091927,0,76.653964,12.316357
0.460712,-0.037812,0,76.652265,12.318748
0.282645,-0.115794,0,76.651408,12.317975
0.427636,0.039682,0,76.652441,12.317551
0.379592,0.122084,1,76.652889,12.316797
0.344835,-0.02107,1,76.654521,12.319561
0.347578,-0.080733,1,76.651863,12.31715
0.366529,0.041462,1,76.653711,12.317471
0.286206,-0.00545,1,76.653431,12.316232
0.293812,0.04443,1,76.652181,12.316446
0.236764,0.069655,1,76.651546,12.318063
0.257875,0.048273,1,76.653607,12.31707
0.323104,0.181673,1,76.653954,12.319342
0.364272,0.102872,1,76.652263,12.316059
0.270239,0.101033,1,76.653579,12.317516
0.248487,0.123555,1,76.652581,12.317349
0.280037,0.000282,1,76.653853,12.316077
0.35714,0.007455,0,76.684388,12.317895
0.280565,-0.014922,0,76.681094,12.316231
0.17,-0.048431,0,76.684594,12.319831
0.360897,0.003829,0,76.684133,12.319771
0.621262,-0.002655,0,76.684122,12.319141
0.45846,-0.078323,0,76.682832,12.319965
0.378074,-0.095888,0,76.682592,12.318178
0.353711,-0.041851,0,76.682212,12.319851
0.382247,0.073922,0,76.681263,12.316302
0.434712,-0.149129,0,76.681913,12.317463
0.261919,-0.167402,0,76.681986,12.316902
0.491432,-0.036819,0,76.682936,12.316783
0.451538,-0.045929,0,76.68399,12.316563
0.369715,0.074683,1,76.683186,12.316788
0.319038,0.057611,1,76.682731,12.319806
0.202198,0.090623,1,76.681176,12.319979
0.297255,0.02154,1,76.681663,12.318847
0.314876,0.226268,1,76.682782,12.319925
0.35981,-0.032536,1,76.681837,12.318278
0.390638,0.092932,1,76.6812,12.317038
0.208943,0.221652,1,76.684375,12.317748
0.22324,0.080476,1,76.684925,12.318374
0.19197,0.066697,1,76.684173,12.316292
0.263619,0.054979,1,76.684415,12.318489
0.312645,0.067373,1,76.681968,12.319925
0.349113,0.176099,1,76.684843,12.31676
0.422589,-0.050057,0,76.712591,12.317004
0.381915,-0.150033,0,76.714678,12.318256
0.315851,-0.001639,0,76.714973,12.317434
0.428787,0.020587,0,76.71118,12.318627
0.560435,-0.086167,0,76.714044,12.316962
0.36091,-0.087603,0,76.712487,12.316766
0.451976,-0.02873,0,76.71257,12.319673
0.250673,-0.084938,0,76.714017,12.316407
0.284356,-0.055291,0,76.714674,12.318024
0.427241,0.117978,0,76.714804,12.316883
0.528412,-0.069762,0,76.713308,12.316156
0.415561,-0.078667,0,76.712428,12.316144
0.348694,-0.101803,0,76.71415,12.316701
0.251507,0.185781,1,76.714084,12.316219
0.328042,-0.021582,1,76.713619,12.319892
0.287413,0.079154,1,76.711606,12.316905
0.320909,-0.007668,1,76.714504,12.317217
0.418351,0.105454,1,76.713156,12.317216
0.170503,0.142082,1,76.71213,12.316922
0.393205,0.050547,1,76.712701,12.316006
0.287305,-0.102295,1,76.71115,12.318917
0.217085,0.093926,1,76.711511,12.319867
0.186878,0.110572,1,76.714062,12.316897
0.266762,0.108301,1,76.711,12.318652
0.344516,0.166505,1,76.712666,12.318968
0.271072,0.005026,1,76.71309,12.319394
0.207419,-0.114661,0,76.562477,12.352381
0.312244,-0.116436,0,76.564732,12.352342
0.499411,-0.008199,0,76.56431,12.354914
0.281883,-0.016528,0,76.563789,12.354426
0.33356,0.062128,0,76.563857,12.353805
0.426206,0.002036,0,76.562847,12.353908
0.458339,-0.170246,0,76.564684,12.353248
0.354846,0.034156,0,76.563778,12.354788
0.320249,-0.129845,0,76.563916,12.352985
0.522237,-0.080718,0,76.564447,12.352522
0.55389,-0.029984,0,76.562096,12.351652
0.477886,0.109653,0,76.564228,12.354145
0.388532,0.15,0,76.561781,12.353938
0.259422,0.043178,1,76.564624,12.354135
0.274988,-0.070734,1,76.561049,12.352143
0.173749,0.156801,1,76.563696,12.352731
0.255008,0.046481,1,76.561207,12.353742
0.342327,0.019606,1,76.563195,12.35233
0.320264,0.128544,1,76.562151,12.351226
0.315047,0.052559,1,76.562227,12.352496
0.283484,0.154196,1,76.562412,12.354778
0.280494,0.12319,1,76.563485,12.353567
0.233778,0.12785,1,76.562336,12.353686
0.328918,-0.015617,1,76.563931,12.353529
0.309468,0.164836,1,76.562618,12.351796
0.314441,0.098288,1,76.561273,12.352673
0.338653,-0.124361,0,76.593396,12.354464
0.406028,-0.169722,0,76.593495,12.354787
0.283624,-0.102002,0,76.593594,12.351424
0.284285,-0.056675,0,76.59207,12.351619
0.414379,-0.165972,0,76.59106,12.354779
0.375135,-0.123749,0,76.59486,12.353946
0.38328,-0.130317,0,76.592004,12.354532
0.30415,-0.033419,0,76.593704,12.351811
0.35696,-0.044452,0,76.593827,12.35335
0.287577,-0.107739,0,76.59344,12.353805
0.46902,-0.035854,0,76.592252,12.35372
0.483525,-0.093734,0,76.592084,12.352633
0.195381,-0.071732,0,76.593391,12.351062
0.172822,0.137823,1,76.592083,12.353177
0.315998,0.049427,1,76.59199,12.351801
0.320044,-0.03246,1,76.59125,12.353467
0.275647,0.202471,1,76.592836,12.353972
0.358705,0.176702,1,76.593931,12.353952
0.256615,-0.010458,1,76.593427,12.353086
0.319522,0.12828,1,76.593691,12.351274
0.208623,0.044792,1,76.591325,12.352484
0.278351,0.098444,1,76.594806,12.354683
0.267795,0.100596,1,76.594354,12.353338
0.295772,0.063591,1,76.59422,12.353153
0.254133,0.025136,1,76.594292,12.352075
0.270797,0.031662,1,76.594731,12.352474
0.410382,-0.053633,0,76.624257,12.354655
0.452156,-0.047969,0,76.623741,12.354811
0.356913,-0.203574,0,76.621442,12.352307
0.525326,-0.051107,0,76.622157,12.352418
0.246139,-0.105178,0,76.622239,12.353023
0.449292,-0.08945,0,76.622,12.354764
0.319414,0.065491,0,76.62306,12.354505
0.551938,-0.150521,0,76.623142,12.35141
0.579252,0.015056,0,76.622428,12.352571
0.303334,-0.072317,0,76.622415,12.353213
0.325044,-0.072381,0,76.624314,12.353013
0.465959,0.01323,0,76.624157,12.351775
0.341287,-0.022796,0,76.622231,12.354435
0.344526,0.144292,1,76.622663,12.351469
0.313788,-0.0072,1,76.622716,12.352349
0.309407,0.083845,1,76.623164,12.351571
0.32248,0.030329,1,76.623786,12.353768
0.423958,-0.008095,1,76.623809,12.351825
0.200838,0.064809,1,76.621687,12.352567
0.313154,0.058406,1,76.623,12.354583
0.215153,0.24987,1,76.622648,12.351817
0.318886,0.110307,1,76.624482,12.353031
0.215692,-0.016433,1,76.623526,12.352677
0.250784,0.040466,1,76.62313,12.351072
0.259344,0.151497,1,76.621462,12.354171
0.348307,0.226191,1,76.623423,12.351276
0.642079,-0.066238,0,76.652734,12.351033
0.268803,-0.114003,0,76.654989,12.351871
0.526418,-0.055082,0,76.653236,12.353647
0.479686,0.048995,0,76.652285,12.352936
0.408064,-0.086584,0,76.65188,12.351021
0.555862,-0.053426,0,76.652402,12.354218
0.417211,-0.045358,0,76.65249,12.354091
0.418916,0.017874,0,76.651275,12.353194
0.374688,-0.229751,0,76.652478,12.351266
0.502357,-0.098536,0,76.652857,12.354066
0.489647,-0.033097,0,76.653891,12.353335
0.317432,0.046006,0,76.653627,12.354128
0.248075,-0.089352,0,76.653835,12.354007
0.285868,0.155008,1,76.654631,12.353545
0.378732,0.093344,1,76.653028,12.352298
0.308683,0.145892,1,76.651752,12.352078
0.219724,0.007723,1,76.651308,12.351764
0.378236,0.107855,1,76.653785,12.353779
0.328853,0.206651,1,76.652531,12.351875
0.248987,0.064737,1,76.654287,12.353381
0.246435,0.020666,1,76.653638,12.352059
0.30076,0.034354,1,76.654185,12.353648
0.312423,0.003726,1,76.652088,12.35426
0.29381,0.025067,1,76.653769,12.354112
0.301792,0.054064,1,76.652056,12.354043
0.398997,-0.01839,1,76.654756,12.351751
0.406044,-0.024708,0,76.681928,12.354963
0.326116,-0.012459,0,76.681058,12.354027
0.279145,-0.172846,0,76.684057,12.352769
0.183737,0.010543,0,76.683495,12.35383
0.414965,-0.001002,0,76.684049,12.352557
0.22352,-0.131335,0,76.681156,12.351916
0.389534,-0.069526,0,76.684348,12.353387
0.353655,-0.053145,0,76.683478,12.354713
0.447914,-0.06076,0,76.683254,12.354717
0.349795,-0.023291,0,76.683498,12.352368
0.347055,0.064509,0,76.684458,12.353111
0.453187,0.036541,0,76.683348,12.351847
0.413506,-0.154978,0,76.683324,12.354983
0.323786,0.046029,1,76.684844,12.352693
0.341966,0.166161,1,76.683144,12.351338
0.238535,0.197951,1,76.682954,12.353427
0.288648,0.119402,1,76.682608,12.354524
0.416791,0.018413,1,76.681615,12.354532
0.244598,0.219094,1,76.68329,12.353636
0.205876,0.042832,1,76.682108,12.351845
0.383716,0.05654,1,76.684685,12.354452
0.417381,0.103964,1,76.683333,12.354544
0.280259,0.188791,1,76.683371,12.351787
0.350802,0.139778,1,76.68242,12.35395
0.373903,0.109041,1,76.681208,12.352146
0.228026,0.11243,1,76.681127,12.354211
0.405317,-0.06932,0,76.711842,12.353022
0.462034,-0.054941,0,76.714236,12.351576
0.376639,-0.011645,0,76.711588,12.353496
0.425474,0.019961,0,76.712371,12.352095
0.328357,-0.101981,0,76.714459,12.352951
0.360353,-0.146256,0,76.71162,12.351329
0.359414,-0.133364,0,76.711331,12.352838
0.305342,-0.088976,0,76.712938,12.352226
0.362323,-0.078154,0,76.71221,12.35429
0.225138,-0.1116,0,76.713254,12.351228
0.330885,-0.153689,0,76.714215,12.352674
0.351512,-0.08649,0,76.711549,12.352834
0.354382,-0.035486,0,76.713323,12.3539
0.408279,0.07566,1,76.711919,12.35488
0.336991,0.146601,1,76.713211,12.353285
0.313745,0.054345,1,76.712489,12.351572
0.305811,-0.039271,1,76.713647,12.352498
0.307566,0.015287,1,76.711565,12.354191
0.145063,0.189402,1,76.713284,12.35247
0.260478,0.06082,1,76.711741,12.351348
0.339161,0.062963,1,76.712115,12.353227
0.276577,0.059011,1,76.711875,12.35438
0.181637,0.21329,1,76.711731,12.354184
0.276332,0.193817,1,76.714303,12.3517
0.399287,0.235315,1,76.712143,12.353691
0.367282,0.068867,1,76.714708,12.351882
0.420861,-0.052485,0,76.572949,12.232362
0.349219,-0.122775,0,76.57272,12.233042
0.296141,-0.124921,0,76.573388,12.233461
0.291332,-0.103422,0,76.574998,12.234642
0.433482,-0.026625,0,76.574078,12.233039
0.502898,-0.064986,0,76.572591,12.233005
0.316269,-0.229058,0,76.57431,12.231201
0.425839,-0.219656,0,76.571683,12.23114
0.171297,-0.098549,0,76.571122,12.233205
0.321538,-0.013385,0,76.571818,12.232753
0.259879,0.048499,1,76.571265,12.234733
0.300113,0.168,1,76.571077,12.232062
0.276814,0.042527,1,76.574307,12.233446
0.250303,0.105092,1,76.573099,12.233714
0.240112,0.028833,1,76.574101,12.23227
0.303066,0.133055,1,76.571938,12.234392
0.173798,0.127986,1,76.57238,12.234789
0.332541,0.209403,1,76.57112,12.234539
0.250866,0.067711,1,76.574846,12.233956
0.200895,0.126806,1,76.573671,12.23211
0.467605,-0.024075,0,76.614617,12.234582
0.527267,-0.141815,0,76.61427,12.234637
0.319602,-0.043183,0,76.614028,12.232256
0.357045,-0.289291,0,76.611222,12.233764
0.216052,-0.064952,0,76.611028,12.232087
0.340753,-0.180438,0,76.61185,12.231762
0.479657,0.04648,0,76.613654,12.231739
0.33335,0.012193,0,76.612645,12.232368
0.444048,-0.012666,0,76.61261,12.23272
0.36095,0.07168,0,76.614538,12.234324
0.304675,0.168459,1,76.611043,12.233379
0.240075,0.020758,1,76.614306,12.233955
0.152558,0.118044,1,76.614204,12.23113
0.298904,0.093987,1,76.611418,12.233635
0.146142,0.098481,1,76.613307,12.233129
0.275196,0.169065,1,76.612856,12.231413
0.184218,0.131274,1,76.611475,12.23169
0.419109,0.100211,1,76.614922,12.233272
0.343795,-0.035842,1,76.611859,12.232185
0.287403,0.012797,1,76.611269,12.234753
0.189219,-0.057491,0,76.652524,12.233126
0.293961,0.056064,0,76.654234,12.231131
0.338639,-0.152973,0,76.654294,12.232902
0.568769,-0.161769,0,76.652538,12.232631
0.435655,-0.096688,0,76.652836,12.231645
0.246452,0.03307,0,76.652213,12.233626
0.428604,-0.171548,0,76.65473,12.234885
0.22527,-0.276572,0,76.651475,12.233249
0.488269,-0.086093,0,76.654735,12.233859
0.332888,-0.005861,0,76.653735,12.231274
0.212609,0.109784,1,76.652581,12.23301
0.265537,0.163807,1,76.651727,12.233926
0.322715,-0.016017,1,76.651627,12.234832
0.290988,0.030339,1,76.654309,12.231882
0.238943,0.059802,1,76.651168,12.234545
0.295695,0.025137,1,76.652677,12.234737
0.330023,0.201446,1,76.651673,12.234666
0.14,0.020026,1,76.654517,12.233542
0.361135,0.041112,1,76.653228,12.233519
0.256462,0.094307,1,76.651926,12.232613
0.400233,-0.207366,0,76.691157,12.234787
0.543186,-0.139375,0,76.692088,12.232601
0.306697,-0.064868,0,76.691026,12.234133
0.561806,-0.0252,0,76.694913,12.232064
0.457516,-0.054527,0,76.694863,12.234961
0.435304,0.047518,0,76.692581,12.231103
0.403402,-0.206088,0,76.693913,12.233414
0.355147,-0.038513,0,76.692383,12.233638
0.500053,-0.195438,0,76.693684,12.233752
0.394036,0.010777,0,76.694222,12.231482
0.18948,0.066401,1,76.691202,12.233353
0.320067,0.027095,1,76.691158,12.232591
0.311542,0.153409,1,76.693296,12.234895
0.149113,0.195878,1,76.692572,12.233177
0.198675,0.046151,1,76.691115,12.232101
0.26018,0.037148,1,76.693333,12.233838
0.25894,0.114385,1,76.691045,12.232086
0.195337,0.054938,1,76.694149,12.234617
0.307229,0.070242,1,76.692226,12.232499
0.297603,0.131776,1,76.691161,12.233199
0.370091,-0.282559,0,76.731597,12.233566
0.319718,-0.079986,0,76.732073,12.232039
0.423226,-0.133084,0,76.732444,12.234544
0.427004,-0.180502,0,76.732634,12.234583
0.309237,-0.148994,0,76.733719,12.232189
0.308783,-0.041247,0,76.731227,12.23192
0.368933,0.056291,0,76.731139,12.232645
0.290336,-0.024945,0,76.732568,12.231962
0.464198,-0.09852,0,76.733789,12.23369
0.343079,-0.013528,0,76.731774,12.234304
0.34849,0.051322,1,76.734738,12.232176
0.31655,0.129863,1,76.733756,12.231841
0.202743,0.239716,1,76.734293,12.234061
0.256845,0.036765,1,76.733225,12.232012
0.225386,-0.027453,1,76.734118,12.234462
0.37314,-0.051601,1,76.731065,12.231411
0.196225,0.12989,1,76.734274,12.231504
0.342559,-0.051821,1,76.731161,12.234917
0.342507,0.053938,1,76.73456,12.233695
0.408073,0.110612,1,76.734968,12.234388
0.498349,-0.134011,0,76.572328,12.272184
0.262196,0.0106,0,76.572861,12.273655
0.546722,0.059643,0,76.571055,12.274861
0.532324,0.005616,0,76.571326,12.271202
0.453562,-0.0273,0,76.572034,12.274562
0.55818,-0.12903,0,76.571111,12.273308
0.214338,-0.117748,0,76.573526,12.273256
0.327555,0.04997,0,76.572706,12.273001
0.30647,0.012348,0,76.573193,12.271278
0.452148,-0.053122,0,76.571699,12.27136
0.163198,0.124706,1,76.573915,12.271414
0.354111,0.154068,1,76.572294,12.272608
0.267904,0.105733,1,76.57366,12.273916
0.334034,0.090366,1,76.573226,12.274119
0.310892,0.018325,1,76.572371,12.271473
0.228679,0.030145,1,76.571538,12.271
0.29603,0.163071,1,76.571378,12.273849
0.149947,0.180543,1,76.574326,12.272426
0.322227,0.063332,1,76.574674,12.272018
0.300871,0.08322,1,76.573599,12.271052
0.49702,-0.07641,0,76.612611,12.274014
0.39343,-0.066933,0,76.61369,12.274491
0.38796,-0.100219,0,76.613729,12.273
0.435406,-0.073043,0,76.612261,12.273921
0.29383,0.063483,0,76.611533,12.273477
0.383003,-0.249025,0,76.61353,12.271747
0.17,0.052157,0,76.611513,12.271103
0.467646,-0.022958,0,76.613314,12.272138
0.223851,-0.146562,0,76.613774,12.272772
0.530342,-0.136025,0,76.613802,12.273468
0.254698,0.157271,1,76.612459,12.271228
0.309151,0.113262,1,76.613564,12.274066
0.276227,0.079832,1,76.612865,12.273808
0.211239,0.038751,1,76.61176,12.272325
0.35853,0.003549,1,76.613807,12.273703
0.442403,0.138433,1,76.613226,12.272584
0.293729,0.143964,1,76.612434,12.274025
0.216715,-0.028201,1,76.614645,12.272817
0.171573,0.191289,1,76.611084,12.272649
0.298058,0.120185,1,76.612263,12.274739
0.32806,-0.142267,0,76.651606,12.271835
0.345909,-0.184988,0,76.65291,12.271234
0.422832,-0.193511,0,76.653407,12.273209
0.387716,-0.158436,0,76.653327,12.273381
0.320619,-0.106722,0,76.652606,12.274488
0.363437,0.106261,0,76.652352,12.273308
0.387858,-0.09207,0,76.651507,12.272382
0.17,-0.03578,0,76.652567,12.274212
0.425817,-0.017961,0,76.651651,12.273161
0.282028,-0.039515,0,76.653937,12.271317
0.340315,0.184238,1,76.653323,12.274258
0.289734,0.239001,1,76.654744,12.272121
0.16961,0.051692,1,76.653689,12.271529
0.223802,0.1144,1,76.652925,12.272759
0.274822,0.119883,1,76.654239,12.273576
0.274703,0.093684,1,76.654802,12.272524
0.418078,0.073081,1,76.651088,12.271218
0.182981,0.110518,1,76.65493,12.273398
0.315391,-0.097257,1,76.651345,12.27461
0.250737,0.060763,0,76.691882,12.273666
0.326783,-0.014464,0,76.693503,12.27132
0.319265,0.038106,0,76.693286,12.272767
0.372278,-0.012676,0,76.691739,12.271653
0.422584,0.057698,0,76.691238,12.271738
0.421821,-0.00822,0,76.693417,12.271809
0.202399,-0.057833,0,76.694055,12.272547
0.486394,0.131795,0,76.693094,12.271205
0.405257,0.021123,0,76.691907,12.272591
0.14,0.151647,1,76.691493,12.273219
0.423708,0.09227,1,76.693074,12.271307
0.356214,-0.013571,1,76.691983,12.271017
0.253659,0.051172,1,76.692433,12.273682
0.281317,0.089235,1,76.694958,12.273567
0.197984,0.048182,1,76.693737,12.272643
0.398701,0.064694,1,76.694796,12.272959
0.41281,0.073602,1,76.69157,12.272662
0.290969,0.074339,1,76.692529,12.271096
0.27894,-0.092825,0,76.73497,12.274197
0.328478,-0.00908,0,76.731963,12.272337
0.53302,0.104812,0,76.734497,12.273923
0.446493,0.01524,0,76.734322,12.27268
0.287544,-0.053847,0,76.731899,12.273313
0.22024,-0.064652,0,76.732597,12.27433
0.347298,-0.078534,0,76.732639,12.274217
0.358654,0.044451,0,76.734913,12.274466
0.42962,-0.100185,0,76.731724,12.271238
0.224311,-0.002172,1,76.733214,12.27378
0.309708,0.066144,1,76.733281,12.27327
0.369566,0.224753,1,76.73184,12.274185
0.14,-0.048218,1,76.733969,12.27394
0.315192,0.006408,1,76.731101,12.27344
0.14,0.18482,1,76.732419,12.272953
0.212403,0.210039,1,76.734121,12.271533
0.394042,0.07276,1,76.733256,12.272045
0.239275,-0.006734,1,76.732045,12.272676
