location,longitude,latitude,row_idx,col_idx,lst_20230401,lst_20230503,lst_20230527,continuous_persistence,categorical_persistence,classified_obs_count,gi_star_clustering,step9_ndvi,step9_ndbi,step9_built
Center (76.65°E 12.30°N),76.65,12.30,370,364,50.1482,47.9482,50.1482,0.8500,5,3,1,0.2674,0.0881,1
West 1km (76.64°E 12.30°N),76.64,12.30,370,334,48.1482,45.9482,48.1482,0.6500,4,3,1,0.3182,0.0245,1
East 1km (76.66°E 12.30°N),76.66,12.30,370,394,48.1482,45.9482,48.1482,0.6500,4,3,1,0.3182,0.0245,1
South 1km (76.65°E 12.29°N),76.65,12.29,407,364,48.1482,45.9482,48.1482,0.6500,4,3,1,0.3015,0.0412,1
North 1km (76.65°E 12.31°N),76.65,12.31,333,364,48.1482,45.9482,48.1482,0.6500,4,3,1,0.3015,0.0412,1
West 5km (76.60°E 12.30°N),76.60,12.30,370,214,41.6482,39.4482,41.6482,0.0000,1,3,-1,0.4821,-0.1250,1
East 5km (76.70°E 12.30°N),76.70,12.30,370,514,41.6482,39.4482,41.6482,0.0000,1,3,-1,0.4821,-0.1250,1
South 5km (76.65°E 12.25°N),76.65,12.25,555,364,41.6482,39.4482,41.6482,0.0000,1,3,-1,0.5110,-0.1420,1
North 5km (76.65°E 12.35°N),76.65,12.35,185,364,41.6482,39.4482,41.6482,0.0000,1,3,-1,0.5110,-0.1420,1
