NDVI,NDBI,hotspot_label,longitude,latitude,spatial_block
0.429671,-0.187993,0,76.56126,12.212247,B_train_01
0.366174,-0.094983,0,76.564796,12.21308,B_train_01
0.444769,-0.131026,0,76.564863,12.213187,B_train_01
0.532303,-0.02486,0,76.564234,12.211739,B_train_01
0.356585,-0.122642,0,76.562218,12.214878,B_train_01
0.356586,-0.162984,0,76.561391,12.214101,B_train_01
0.537921,0.067252,0,76.563737,12.214758,B_train_01
0.456743,-0.068062,0,76.562761,12.214579,B_train_01
0.333053,-0.044598,0,76.561488,12.213392,B_train_01
0.434256,-0.16398,0,76.562981,12.214687,B_train_01
0.333658,-0.093551,0,76.561138,12.211354,B_train_01
0.333427,-0.041126,0,76.564637,12.211784,B_train_01
0.404196,-0.142079,0,76.562035,12.211181,B_train_01
0.188672,-0.019944,0,76.56365,12.212301,B_train_01
0.176503,0.103188,1,76.564084,12.211915,B_train_01
0.229611,0.148288,1,76.562975,12.211308,B_train_01
0.247755,0.046458,1,76.563091,12.212159,B_train_01
0.353999,0.067004,1,76.56271,12.211645,B_train_01
0.304053,0.002557,1,76.561102,12.214719,B_train_01
0.156587,-0.003734,1,76.561432,12.214232,B_train_01
0.302686,0.136877,1,76.561126,12.213534,B_train_01
0.253044,0.174937,1,76.563546,12.214486,B_train_01
0.232615,0.074959,1,76.562257,12.214215,B_train_01
0.322817,0.150247,1,76.563034,12.211746,B_train_01
0.35217,0.105315,1,76.56463,12.21457,B_train_01
0.34519,0.034842,1,76.561997,12.213157,B_train_01
0.221255,0.105298,1,76.562642,12.21423,B_train_01
0.258355,0.187663,1,76.564022,12.214584,B_train_01
0.309795,0.100895,0,76.591951,12.213048,B_train_02
0.347234,-0.036034,0,76.593913,12.211906,B_train_02
0.340789,-0.029396,0,76.592471,12.213581,B_train_02
0.233649,-0.055956,0,76.593529,12.211697,B_train_02
0.409612,-0.203502,0,76.593534,12.213764,B_train_02
0.406106,-0.052121,0,76.593143,12.212547,B_train_02
0.380511,-0.045182,0,76.591361,12.214747,B_train_02
0.356541,0.147059,0,76.594341,12.21155,B_train_02
0.238463,-0.065389,0,76.592283,12.212364,B_train_02
0.337935,-0.025876,0,76.591746,12.211454,B_train_02
0.345729,-0.052777,0,76.591163,12.214699,B_train_02
0.299772,-0.143494,0,76.593364,12.214509,B_train_02
0.363871,0.041426,0,76.59371,12.212032,B_train_02
0.420405,0.010155,0,76.591066,12.21364,B_train_02
0.295922,0.100515,1,76.591375,12.212123,B_train_02
0.3715,0.029995,1,76.592471,12.211097,B_train_02
0.167476,0.210604,1,76.592061,12.213582,B_train_02
0.292924,0.113168,1,76.591976,12.211708,B_train_02
0.298192,-0.003391,1,76.594892,12.214762,B_train_02
0.334728,0.125959,1,76.592572,12.214816,B_train_02
0.193413,0.011772,1,76.594568,12.214659,B_train_02
0.187568,0.135096,1,76.593525,12.212481,B_train_02
0.316536,0.161102,1,76.594179,12.211062,B_train_02
0.300789,0.022552,1,76.593011,12.214713,B_train_02
0.297534,0.147436,1,76.593308,12.212713,B_train_02
0.304251,0.108895,1,76.59297,12.214867,B_train_02
0.232398,0.137544,1,76.591781,12.214854,B_train_02
0.296258,0.212776,1,76.59389,12.214412,B_train_02
0.295321,0.036644,0,76.622502,12.21408,B_train_03
0.228515,0.034304,0,76.621376,12.211863,B_train_03
0.335349,-0.160214,0,76.623313,12.213492,B_train_03
0.46564,-0.125026,0,76.621144,12.211341,B_train_03
0.401409,-0.008797,0,76.622862,12.211207,B_train_03
0.255426,-0.008897,0,76.623171,12.213125,B_train_03
0.397318,-0.008796,0,76.622146,12.213163,B_train_03
0.418532,0.15,0,76.623363,12.21355,B_train_03
0.291614,-0.004329,0,76.621122,12.213904,B_train_03
0.395373,0.040845,0,76.621149,12.214903,B_train_03
0.385821,0.02632,0,76.62429,12.213065,B_train_03
0.265703,0.002111,0,76.622441,12.212292,B_train_03
0.415779,-0.075222,0,76.621508,12.214181,B_train_03
0.436078,0.010718,0,76.623089,12.212083,B_train_03
0.224524,-0.026356,1,76.62354,12.212553,B_train_03
0.271968,0.046104,1,76.621181,12.213573,B_train_03
0.315349,0.168684,1,76.622498,12.212833,B_train_03
0.340603,0.030463,1,76.623503,12.213182,B_train_03
0.195979,0.111067,1,76.623013,12.214766,B_train_03
0.256585,0.134224,1,76.624426,12.212544,B_train_03
0.246754,0.015115,1,76.623635,12.214845,B_train_03
0.234267,0.075833,1,76.621652,12.214621,B_train_03
0.403582,-0.146889,1,76.621282,12.211783,B_train_03
0.308349,0.008293,1,76.62357,12.211277,B_train_03
0.191738,0.06232,1,76.621106,12.211403,B_train_03
0.34425,-0.007345,1,76.623343,12.211073,B_train_03
0.428551,0.194269,1,76.624761,12.211378,B_train_03
0.352273,-0.02011,1,76.623302,12.213732,B_train_03
0.359188,-0.051672,0,76.652557,12.214166,B_train_04
0.3307,-0.040614,0,76.651043,12.214158,B_train_04
0.321064,0.052213,0,76.654622,12.211365,B_train_04
0.46496,-0.097326,0,76.651365,12.212978,B_train_04
0.415702,-0.006232,0,76.652277,12.21123,B_train_04
0.310709,-0.066175,0,76.6548,12.213198,B_train_04
0.46996,-0.067414,0,76.654802,12.212766,B_train_04
0.41073,0.037902,0,76.653294,12.214551,B_train_04
0.461286,0.016033,0,76.653527,12.212404,B_train_04
0.442963,0.015081,0,76.652794,12.211468,B_train_04
0.2971,0.054438,0,76.652173,12.211572,B_train_04
0.323982,-0.04832,0,76.652315,12.214046,B_train_04
0.454729,0.004556,0,76.65369,12.213473,B_train_04
0.441037,-0.074821,0,76.654009,12.211404,B_train_04
0.297148,0.078704,1,76.654877,12.21211,B_train_04
0.244514,0.059794,1,76.653092,12.211752,B_train_04
0.247027,0.10259,1,76.653518,12.212855,B_train_04
0.296243,0.022094,1,76.653783,12.212413,B_train_04
0.178634,0.116354,1,76.652818,12.213335,B_train_04
0.181478,0.187292,1,76.65351,12.211311,B_train_04
0.229709,0.072387,1,76.653337,12.214898,B_train_04
0.265059,0.10812,1,76.654605,12.214945,B_train_04
0.301764,0.12831,1,76.651182,12.213793,B_train_04
0.383275,0.051915,1,76.652124,12.213144,B_train_04
0.340036,0.095686,1,76.654802,12.212238,B_train_04
0.268804,0.080881,1,76.654561,12.214255,B_train_04
0.278669,0.086837,1,76.652823,12.213739,B_train_04
0.209823,0.025889,1,76.653481,12.21165,B_train_04
0.247977,-0.13541,0,76.683208,12.212569,B_train_05
0.563146,-0.06139,0,76.683244,12.21275,B_train_05
0.497944,-0.040376,0,76.684507,12.214617,B_train_05
0.333082,-0.008845,0,76.682614,12.212393,B_train_05
0.208687,0.006929,0,76.681536,12.213056,B_train_05
0.515387,-0.139971,0,76.681115,12.214135,B_train_05
0.368546,-0.172729,0,76.684021,12.212586,B_train_05
0.503782,0.052214,0,76.683481,12.213488,B_train_05
0.220557,-0.023415,0,76.683816,12.214449,B_train_05
0.320062,-0.109879,0,76.681852,12.214798,B_train_05
0.380524,0.074092,0,76.681545,12.211588,B_train_05
0.384698,-0.040746,0,76.681058,12.214706,B_train_05
0.334993,0.044344,0,76.682402,12.212968,B_train_05
0.442285,-0.044599,0,76.68336,12.212033,B_train_05
0.306885,0.042882,1,76.681738,12.211429,B_train_05
0.277711,0.024499,1,76.681837,12.21279,B_train_05
0.14,0.072508,1,76.682482,12.21313,B_train_05
0.273762,0.007533,1,76.682938,12.21197,B_train_05
0.188687,0.041245,1,76.683473,12.212077,B_train_05
0.326877,-0.003851,1,76.682476,12.212509,B_train_05
0.305662,0.217531,1,76.68285,12.21108,B_train_05
0.214208,0.082468,1,76.68399,12.212288,B_train_05
0.244029,0.031019,1,76.681147,12.211846,B_train_05
0.205855,0.094979,1,76.68201,12.21231,B_train_05
0.275612,0.072137,1,76.683853,12.211479,B_train_05
0.34686,0.064532,1,76.684581,12.214562,B_train_05
0.210999,0.122992,1,76.683047,12.213374,B_train_05
0.315283,0.133026,1,76.683128,12.213716,B_train_05
0.379203,-0.102051,0,76.714718,12.211617,B_train_06
0.527994,-0.08897,0,76.713227,12.212925,B_train_06
0.387737,-0.097392,0,76.713286,12.21313,B_train_06
0.293872,-0.119119,0,76.71212,12.211207,B_train_06
0.532312,-0.046118,0,76.714078,12.212346,B_train_06
0.433891,-0.116476,0,76.711748,12.211538,B_train_06
0.276275,-0.028363,0,76.712295,12.211253,B_train_06
0.360966,-0.054019,0,76.712702,12.21496,B_train_06
0.292438,-0.069116,0,76.71303,12.212289,B_train_06
0.24172,-0.122605,0,76.71197,12.214239,B_train_06
0.472618,-0.096142,0,76.711459,12.212019,B_train_06
0.570942,0.010431,0,76.713442,12.213726,B_train_06
0.240143,-0.009927,0,76.712155,12.214041,B_train_06
0.436297,-0.128204,0,76.713325,12.213383,B_train_06
0.14,0.107612,1,76.711929,12.214576,B_train_06
0.224217,0.050531,1,76.714598,12.214154,B_train_06
0.320395,0.100284,1,76.712536,12.211607,B_train_06
0.265787,0.225278,1,76.713174,12.212247,B_train_06
0.30598,0.140979,1,76.714626,12.211994,B_train_06
0.237721,0.057178,1,76.713497,12.213976,B_train_06
0.286061,0.164085,1,76.711468,12.211134,B_train_06
0.269103,0.051435,1,76.714759,12.21328,B_train_06
0.361745,-0.062669,1,76.713511,12.21405,B_train_06
0.297809,0.009434,1,76.71234,12.214507,B_train_06
0.303632,-0.050955,1,76.711557,12.212368,B_train_06
0.251169,0.055394,1,76.714176,12.214285,B_train_06
0.245868,0.081289,1,76.71348,12.211443,B_train_06
0.249721,0.197351,1,76.713134,12.214386,B_train_06
0.353013,0.002349,0,76.562697,12.246219,B_train_07
0.282124,-0.054447,0,76.563946,12.247341,B_train_07
0.335571,-0.027603,0,76.564737,12.249211,B_train_07
0.41773,-0.140039,0,76.564702,12.246019,B_train_07
0.455699,0.14566,0,76.562803,12.247334,B_train_07
0.287783,-0.039662,0,76.561453,12.247593,B_train_07
0.466961,-0.041248,0,76.564939,12.24815,B_train_07
0.515564,0.008061,0,76.564356,12.249679,B_train_07
0.421343,-0.011519,0,76.561499,12.247385,B_train_07
0.56768,-0.032089,0,76.564683,12.247388,B_train_07
0.302621,-0.113238,0,76.56448,12.24895,B_train_07
0.255535,-0.012283,0,76.563075,12.247809,B_train_07
0.202128,0.100562,0,76.563365,12.246898,B_train_07
0.529604,0.057634,0,76.562596,12.24781,B_train_07
0.262798,0.093866,1,76.561621,12.246924,B_train_07
0.260909,0.069895,1,76.561728,12.248688,B_train_07
0.14,0.039844,1,76.564447,12.246079,B_train_07
0.276199,0.04172,1,76.564784,12.246416,B_train_07
0.263835,0.077707,1,76.562493,12.2492,B_train_07
0.328734,0.04196,1,76.562083,12.246714,B_train_07
0.409427,0.030101,1,76.563576,12.248611,B_train_07
0.35886,0.08745,1,76.562635,12.246953,B_train_07
0.261178,0.062152,1,76.561102,12.246398,B_train_07
0.202543,0.18528,1,76.561625,12.246973,B_train_07
0.460135,-0.105568,1,76.563864,12.248889,B_train_07
0.284145,0.156405,1,76.563636,12.249423,B_train_07
0.280975,0.167226,1,76.561108,12.249321,B_train_07
0.278311,-0.065137,1,76.561888,12.247589,B_train_07
0.271894,-0.152434,0,76.592075,12.247096,B_train_08
0.441594,0.090384,0,76.593167,12.248217,B_train_08
0.43931,-0.216554,0,76.593534,12.248606,B_train_08
0.349045,0.085717,0,76.592032,12.249319,B_train_08
0.412613,-0.033119,0,76.591557,12.246826,B_train_08
0.254889,-0.057737,0,76.59434,12.246044,B_train_08
0.472403,-0.093594,0,76.594938,12.246548,B_train_08
0.36151,-0.018069,0,76.593103,12.2496,B_train_08
0.327728,-0.053011,0,76.591687,12.249496,B_train_08
0.484901,0.038264,0,76.592089,12.24839,B_train_08
0.309566,-0.040862,0,76.591074,12.248402,B_train_08
0.239154,-0.037976,0,76.594657,12.24866,B_train_08
0.224337,-0.079089,0,76.591471,12.246701,B_train_08
0.440601,-0.054556,0,76.593306,12.249658,B_train_08
0.151139,0.013542,1,76.593754,12.246741,B_train_08
0.19043,0.264267,1,76.592739,12.248168,B_train_08
0.236263,0.114532,1,76.591986,12.249492,B_train_08
0.281826,0.092939,1,76.594276,12.248929,B_train_08
0.316236,0.019915,1,76.594198,12.249226,B_train_08
0.229198,0.129022,1,76.593779,12.248635,B_train_08
0.293074,0.039705,1,76.592089,12.248769,B_train_08
0.227123,0.088541,1,76.593361,12.249397,B_train_08
0.237194,0.259206,1,76.592444,12.246999,B_train_08
0.181534,0.073276,1,76.591366,12.247958,B_train_08
0.215374,0.160449,1,76.594669,12.246885,B_train_08
0.185382,0.030778,1,76.591547,12.249951,B_train_08
0.211689,0.077551,1,76.594801,12.249776,B_train_08
0.353755,0.203956,1,76.592784,12.246158,B_train_08
0.422962,-0.08476,0,76.621932,12.249495,B_train_09
0.400769,-0.074734,0,76.621098,12.249936,B_train_09
0.407158,-0.032229,0,76.62448,12.249073,B_train_09
0.252325,-0.0883,0,76.621085,12.247671,B_train_09
0.271894,0.05046,0,76.624499,12.247685,B_train_09
0.485315,-0.121569,0,76.623116,12.24895,B_train_09
0.376044,-0.06495,0,76.624756,12.246955,B_train_09
0.44815,-0.085178,0,76.624195,12.246442,B_train_09
0.382832,0.065758,0,76.624992,12.247418,B_train_09
0.382976,-0.034276,0,76.622403,12.247149,B_train_09
0.473828,0.032548,0,76.624069,12.247185,B_train_09
0.328396,-0.168845,0,76.622608,12.246934,B_train_09
0.389612,-0.028636,0,76.62292,12.246168,B_train_09
0.333772,0.02117,0,76.62351,12.246071,B_train_09
0.277572,0.035358,1,76.623372,12.247491,B_train_09
0.296395,0.04283,1,76.62332,12.247039,B_train_09
0.388535,0.03638,1,76.621366,12.248894,B_train_09
0.210115,0.041117,1,76.62451,12.247984,B_train_09
0.348903,0.035383,1,76.622062,12.246324,B_train_09
0.265021,0.163231,1,76.621518,12.246881,B_train_09
0.276538,0.179435,1,76.624555,12.248733,B_train_09
0.327237,0.040048,1,76.624823,12.246305,B_train_09
0.201409,0.021735,1,76.624449,12.249405,B_train_09
0.306769,0.112999,1,76.624238,12.247981,B_train_09
0.291652,0.041344,1,76.623621,12.247922,B_train_09
0.314472,0.124305,1,76.623203,12.24837,B_train_09
0.300242,0.094205,1,76.621348,12.249299,B_train_09
0.451871,-0.026102,1,76.622634,12.247391,B_train_09
0.448189,0.046521,0,76.654044,12.247384,B_train_10
0.564671,-0.115355,0,76.653165,12.248484,B_train_10
0.438393,-0.020506,0,76.654852,12.246183,B_train_10
0.344071,-0.081467,0,76.652367,12.249486,B_train_10
0.439065,-0.0477,0,76.65353,12.249894,B_train_10
0.49087,0.052276,0,76.654728,12.249876,B_train_10
0.462048,-0.034712,0,76.65141,12.248999,B_train_10
0.430727,-0.046285,0,76.654749,12.24652,B_train_10
0.486667,-0.158788,0,76.653752,12.249033,B_train_10
0.49693,0.0097,0,76.651271,12.246098,B_train_10
0.518216,0.001639,0,76.652204,12.246088,B_train_10
0.444871,0.12306,0,76.653833,12.247294,B_train_10
0.363288,-0.074622,0,76.651269,12.247955,B_train_10
0.394671,-0.032468,0,76.653329,12.249082,B_train_10
0.241136,0.209265,1,76.654084,12.246802,B_train_10
0.411681,0.005094,1,76.654379,12.247966,B_train_10
0.178639,-0.026787,1,76.654044,12.246257,B_train_10
0.14,0.031566,1,76.653505,12.248328,B_train_10
0.310801,0.076809,1,76.651525,12.247076,B_train_10
0.244856,0.097034,1,76.65113,12.24919,B_train_10
0.208514,0.063113,1,76.654683,12.247241,B_train_10
0.329585,0.104644,1,76.653467,12.247821,B_train_10
0.297066,-0.007608,1,76.654186,12.246046,B_train_10
0.240514,0.181064,1,76.652926,12.24629,B_train_10
0.190379,0.074249,1,76.651469,12.24757,B_train_10
0.341072,0.158211,1,76.651501,12.24792,B_train_10
0.325514,0.103991,1,76.653742,12.2484,B_train_10
0.273058,0.111973,1,76.652721,12.247167,B_train_10
0.45858,-0.13013,0,76.682358,12.249487,B_train_11
0.422546,-0.072488,0,76.684259,12.246877,B_train_11
0.283302,0.093815,0,76.68132,12.249903,B_train_11
0.375229,0.001267,0,76.684579,12.247348,B_train_11
0.37964,-0.095694,0,76.68319,12.246728,B_train_11
0.264164,-0.004193,0,76.684269,12.249159,B_train_11
0.53034,0.061948,0,76.682809,12.248635,B_train_11
0.467736,0.023971,0,76.683574,12.247993,B_train_11
0.357904,-0.04523,0,76.683106,12.248221,B_train_11
0.382689,-0.101755,0,76.683926,12.248877,B_train_11
0.400838,0.005858,0,76.681327,12.246914,B_train_11
0.175827,-0.018521,0,76.681241,12.249985,B_train_11
0.355282,0.021615,0,76.681988,12.249899,B_train_11
0.311802,0.000814,0,76.681638,12.248601,B_train_11
0.322946,0.155508,1,76.684886,12.248627,B_train_11
0.208405,0.077304,1,76.681724,12.247301,B_train_11
0.261984,0.067916,1,76.684418,12.249094,B_train_11
0.163199,0.141856,1,76.682969,12.246523,B_train_11
0.307946,0.125663,1,76.681989,12.249879,B_train_11
0.325304,-0.030347,1,76.684483,12.247815,B_train_11
0.246177,0.183358,1,76.682781,12.246944,B_train_11
0.390179,0.176606,1,76.683059,12.246294,B_train_11
0.194196,0.036211,1,76.682437,12.246679,B_train_11
0.177494,0.107706,1,76.683372,12.248079,B_train_11
0.295712,0.114582,1,76.681654,12.247348,B_train_11
0.353297,0.098247,1,76.682564,12.249316,B_train_11
0.397875,0.041479,1,76.684878,12.247724,B_train_11
0.247878,0.032986,1,76.682033,12.246995,B_train_11
0.530076,0.00821,0,76.711807,12.249476,B_train_12
0.465022,-0.045844,0,76.713694,12.248282,B_train_12
0.345135,0.008611,0,76.71488,12.246122,B_train_12
0.345074,-0.056457,0,76.711376,12.249724,B_train_12
0.347836,-0.043709,0,76.71369,12.248758,B_train_12
0.587675,-0.209856,0,76.712775,12.248706,B_train_12
0.418194,0.023306,0,76.714473,12.246863,B_train_12
0.423004,-0.022281,0,76.711709,12.248636,B_train_12
0.483028,0.029841,0,76.713771,12.247575,B_train_12
0.403879,-0.2817,0,76.714352,12.248605,B_train_12
0.354096,0.11707,0,76.714778,12.246426,B_train_12
0.360365,-0.061167,0,76.713733,12.248631,B_train_12
0.37284,0.038655,0,76.712989,12.249998,B_train_12
0.376278,-0.133192,0,76.713471,12.246193,B_train_12
0.27551,0.069496,1,76.713478,12.249252,B_train_12
0.303013,0.08879,1,76.712854,12.248872,B_train_12
0.302495,0.067885,1,76.712519,12.249822,B_train_12
0.309534,0.081091,1,76.714453,12.246073,B_train_12
0.39296,0.003261,1,76.713076,12.246783,B_train_12
0.311747,-0.020804,1,76.712917,12.24603,B_train_12
0.262909,0.191615,1,76.711103,12.24859,B_train_12
0.347486,0.020713,1,76.712365,12.249592,B_train_12
0.363263,0.010603,1,76.712521,12.246974,B_train_12
0.194067,-0.070737,1,76.712595,12.249708,B_train_12
0.321818,0.035273,1,76.713321,12.246241,B_train_12
0.329082,-0.012616,1,76.713134,12.249738,B_train_12
0.259171,0.194941,1,76.713432,12.247406,B_train_12
0.376299,0.150687,1,76.71406,12.246406,B_train_12
0.210704,-0.127468,0,76.564806,12.282099,B_train_13
0.370166,-0.04157,0,76.563406,12.28429,B_train_13
0.281141,-0.156722,0,76.564277,12.282695,B_train_13
0.269641,-0.098109,0,76.564537,12.28367,B_train_13
0.397989,-0.024417,0,76.561912,12.281382,B_train_13
0.5192,-0.177439,0,76.561848,12.283495,B_train_13
0.471832,-0.014762,0,76.563444,12.282807,B_train_13
0.22295,-0.051571,0,76.562644,12.283346,B_train_13
0.281037,-0.005801,0,76.564359,12.281672,B_train_13
0.474077,-0.032087,0,76.5646,12.283947,B_train_13
0.281751,0.059131,0,76.562414,12.284451,B_train_13
0.357537,-0.039982,0,76.561947,12.281867,B_train_13
0.435005,-0.084352,0,76.564122,12.281383,B_train_13
0.283067,0.053461,1,76.562332,12.281387,B_train_13
0.26971,0.065749,1,76.563678,12.282801,B_train_13
0.347472,0.039282,1,76.564977,12.284025,B_train_13
0.434737,0.008967,1,76.563647,12.28239,B_train_13
0.240976,0.034551,1,76.563231,12.28366,B_train_13
0.184114,-0.005676,1,76.563923,12.284182,B_train_13
0.27382,0.082386,1,76.562861,12.284709,B_train_13
0.46058,0.026102,1,76.561241,12.281939,B_train_13
0.223743,0.096365,1,76.563249,12.282597,B_train_13
0.394738,-0.028913,1,76.564831,12.28161,B_train_13
0.397439,0.103162,1,76.561701,12.28497,B_train_13
0.241249,0.138347,1,76.56376,12.284708,B_train_13
0.319829,-0.059561,1,76.561804,12.28316,B_train_13
0.393988,0.106184,1,76.563143,12.284368,B_train_13
0.611933,-0.222231,0,76.591324,12.284059,B_train_14
0.419332,-0.018914,0,76.592612,12.281699,B_train_14
0.399205,0.14944,0,76.591694,12.28301,B_train_14
0.349088,-0.050486,0,76.59378,12.282595,B_train_14
0.393354,0.017079,0,76.592384,12.281585,B_train_14
0.364753,-0.043454,0,76.594902,12.28247,B_train_14
0.450811,-0.057911,0,76.593564,12.281273,B_train_14
0.47567,0.023526,0,76.59429,12.281103,B_train_14
0.301401,-0.073222,0,76.59153,12.281541,B_train_14
0.246877,-0.028609,0,76.594448,12.284852,B_train_14
0.196379,-0.024264,0,76.594691,12.283198,B_train_14
0.430799,-0.103447,0,76.592948,12.284863,B_train_14
0.269663,0.029363,0,76.593425,12.28273,B_train_14
0.284513,0.058827,1,76.592471,12.281861,B_train_14
0.141717,0.052828,1,76.592657,12.281048,B_train_14
0.214247,0.091929,1,76.59431,12.281965,B_train_14
0.269914,0.09124,1,76.593934,12.284903,B_train_14
0.195321,0.080213,1,76.594077,12.284206,B_train_14
0.321995,0.110586,1,76.591044,12.284838,B_train_14
0.387153,0.163345,1,76.592665,12.282951,B_train_14
0.365313,0.146469,1,76.592925,12.281439,B_train_14
0.265059,-0.023943,1,76.591077,12.283192,B_train_14
0.384351,-0.098774,1,76.592039,12.282818,B_train_14
0.290407,0.145402,1,76.594041,12.284377,B_train_14
0.256404,-0.015682,1,76.591548,12.281392,B_train_14
0.237062,0.064266,1,76.593141,12.282953,B_train_14
0.335672,-0.089033,0,76.621167,12.281741,B_train_15
0.29152,0.122585,0,76.621339,12.281696,B_train_15
0.362705,-0.098457,0,76.623865,12.281394,B_train_15
0.551171,0.009368,0,76.621288,12.283641,B_train_15
0.24281,-0.026057,0,76.621285,12.284057,B_train_15
0.218644,0.054139,0,76.621048,12.28206,B_train_15
0.527117,0.074921,0,76.624826,12.281084,B_train_15
0.359068,-0.04744,0,76.62395,12.281329,B_train_15
0.313093,-0.110273,0,76.622413,12.284871,B_train_15
0.48399,-0.013202,0,76.622186,12.282182,B_train_15
0.319438,-0.104217,0,76.622399,12.284077,B_train_15
0.562601,0.111071,0,76.624099,12.283499,B_train_15
0.447793,-0.039077,0,76.623645,12.282528,B_train_15
0.257412,0.155076,1,76.624445,12.28475,B_train_15
0.262442,0.054453,1,76.624386,12.281173,B_train_15
0.372974,0.021255,1,76.624676,12.281659,B_train_15
0.318936,0.006863,1,76.622009,12.281527,B_train_15
0.311912,-0.057645,1,76.62402,12.283904,B_train_15
0.43155,0.223934,1,76.622842,12.284271,B_train_15
0.234954,0.002775,1,76.624368,12.281854,B_train_15
0.344949,0.064512,1,76.623914,12.283023,B_train_15
0.283991,0.060623,1,76.624106,12.284363,B_train_15
0.298801,0.101518,1,76.623625,12.283931,B_train_15
0.386993,0.137102,1,76.62171,12.283169,B_train_15
0.315549,0.140233,1,76.62318,12.283361,B_train_15
0.317681,0.039185,1,76.624939,12.283033,B_train_15
0.436551,-0.018426,0,76.652222,12.282422,B_train_16
0.203924,-0.145671,0,76.654507,12.284177,B_train_16
0.455334,-0.014432,0,76.654985,12.281372,B_train_16
0.418116,0.045731,0,76.652473,12.283353,B_train_16
0.508975,-0.098783,0,76.652794,12.282924,B_train_16
0.447318,-0.060721,0,76.653888,12.283569,B_train_16
0.366154,-0.048825,0,76.654545,12.281259,B_train_16
0.25757,-0.112792,0,76.653372,12.28332,B_train_16
0.359098,0.001862,0,76.652566,12.283246,B_train_16
0.294948,-0.059676,0,76.65265,12.283243,B_train_16
0.321948,-0.016437,0,76.653782,12.283414,B_train_16
0.438858,-0.120999,0,76.651013,12.283706,B_train_16
0.54699,-0.084997,0,76.653478,12.28422,B_train_16
0.334485,-0.050658,1,76.653287,12.282719,B_train_16
0.241417,0.074212,1,76.653351,12.284491,B_train_16
0.222726,0.071478,1,76.651738,12.284368,B_train_16
0.279764,0.185941,1,76.652449,12.281744,B_train_16
0.268087,0.124157,1,76.652338,12.284211,B_train_16
0.248274,0.008307,1,76.651105,12.282833,B_train_16
0.328747,0.209786,1,76.651097,12.282932,B_train_16
0.346871,0.165472,1,76.654327,12.281534,B_train_16
0.286188,0.120747,1,76.652092,12.281322,B_train_16
0.383427,0.064146,1,76.653072,12.283912,B_train_16
0.200082,0.012839,1,76.652195,12.282986,B_train_16
0.266444,0.053946,1,76.654763,12.282747,B_train_16
0.229822,0.156212,1,76.652037,12.283918,B_train_16
0.319779,-0.114254,0,76.683923,12.282004,B_train_17
0.426877,0.069415,0,76.684925,12.284402,B_train_17
0.280161,-0.07169,0,76.682026,12.283245,B_train_17
0.410179,-0.051709,0,76.683617,12.283094,B_train_17
0.456608,-0.109777,0,76.681792,12.281459,B_train_17
0.502693,-0.243939,0,76.683261,12.284441,B_train_17
0.369985,0.020724,0,76.682856,12.283891,B_train_17
0.359633,0.008948,0,76.684888,12.281271,B_train_17
0.292202,-0.072506,0,76.683434,12.283831,B_train_17
0.297312,-0.044641,0,76.682398,12.283174,B_train_17
0.357352,-0.008725,0,76.681456,12.281327,B_train_17
0.416737,-0.175004,0,76.681605,12.282833,B_train_17
0.471358,-0.092324,0,76.681901,12.282939,B_train_17
0.310559,0.013267,1,76.684288,12.283132,B_train_17
0.343275,0.088587,1,76.682522,12.281632,B_train_17
0.14,0.193727,1,76.684102,12.283784,B_train_17
0.209319,0.102616,1,76.684858,12.284173,B_train_17
0.323341,0.062335,1,76.681815,12.282267,B_train_17
0.424025,0.059573,1,76.683093,12.284429,B_train_17
0.281456,-0.029423,1,76.682149,12.284625,B_train_17
0.22904,0.141818,1,76.684171,12.282108,B_train_17
0.267197,0.074551,1,76.68331,12.284934,B_train_17
0.376241,0.067366,1,76.683538,12.281563,B_train_17
0.234783,0.303518,1,76.684192,12.281808,B_train_17
0.224057,0.100913,1,76.682584,12.281737,B_train_17
0.246208,0.027375,1,76.68466,12.284576,B_train_17
0.284488,0.15,0,76.712837,12.283995,B_train_18
0.42236,-0.003629,0,76.712431,12.283605,B_train_18
0.586252,-0.023936,0,76.712977,12.283484,B_train_18
0.273247,-0.034449,0,76.714313,12.282409,B_train_18
0.382422,-0.078253,0,76.712341,12.284366,B_train_18
0.521222,-0.022921,0,76.711695,12.282885,B_train_18
0.372036,-0.073632,0,76.713848,12.284916,B_train_18
0.425237,-0.036523,0,76.714304,12.283537,B_train_18
0.273761,0.055408,0,76.711403,12.281505,B_train_18
0.422831,-0.130523,0,76.711959,12.283705,B_train_18
0.361286,0.04119,0,76.711568,12.2823,B_train_18
0.478573,0.055369,0,76.712392,12.283745,B_train_18
0.498739,-0.059445,0,76.712801,12.281279,B_train_18
0.29983,0.114243,1,76.714907,12.284851,B_train_18
0.261877,0.124431,1,76.711443,12.283907,B_train_18
0.321069,0.157679,1,76.71269,12.282219,B_train_18
0.246757,0.108687,1,76.711168,12.284318,B_train_18
0.340991,0.063112,1,76.71396,12.282126,B_train_18
0.185781,0.12708,1,76.714672,12.284491,B_train_18
0.288847,0.212992,1,76.71212,12.28145,B_train_18
0.415725,0.070716,1,76.714433,12.283815,B_train_18
0.209977,0.011783,1,76.712169,12.283163,B_train_18
0.232558,0.157496,1,76.714643,12.281386,B_train_18
0.315974,0.071573,1,76.714016,12.281968,B_train_18
0.292571,-0.072087,1,76.71422,12.28105,B_train_18
0.304544,0.13932,1,76.711072,12.282875,B_train_18
0.459994,-0.009912,0,76.563367,12.316284,B_train_19
0.218369,-0.034833,0,76.563811,12.317018,B_train_19
0.274632,0.030084,0,76.56195,12.317447,B_train_19
0.27322,-0.266259,0,76.563049,12.31789,B_train_19
0.475031,0.00423,0,76.561417,12.316183,B_train_19
0.551061,-0.102326,0,76.562538,12.31656,B_train_19
0.369555,-0.196451,0,76.562951,12.317107,B_train_19
0.363118,-0.009104,0,76.563609,12.319886,B_train_19
0.387005,0.059893,0,76.564802,12.317325,B_train_19
0.496188,-0.060996,0,76.563403,12.317928,B_train_19
0.287265,0.02623,0,76.563974,12.316784,B_train_19
0.403837,0.078982,0,76.563025,12.318443,B_train_19
0.47752,0.055193,0,76.563536,12.317123,B_train_19
0.285771,0.024278,1,76.564295,12.317476,B_train_19
0.177971,0.15532,1,76.56482,12.316484,B_train_19
0.258355,0.081492,1,76.564285,12.317676,B_train_19
0.227349,0.213083,1,76.561006,12.319005,B_train_19
0.302342,0.075754,1,76.563546,12.316284,B_train_19
0.373832,0.030412,1,76.561205,12.316321,B_train_19
0.148738,-0.02596,1,76.56203,12.317419,B_train_19
0.288052,-0.04622,1,76.561238,12.319767,B_train_19
0.268791,-0.03089,1,76.563415,12.318674,B_train_19
0.326994,0.098699,1,76.563746,12.318715,B_train_19
0.294924,0.115611,1,76.561458,12.317448,B_train_19
0.227362,-0.030683,1,76.562535,12.318375,B_train_19
0.257666,0.142653,1,76.562825,12.316041,B_train_19
0.450821,-0.042572,0,76.592786,12.316667,B_train_20
0.403322,-0.037211,0,76.594194,12.317722,B_train_20
0.475314,-0.132214,0,76.59429,12.31657,B_train_20
0.408712,0.051257,0,76.59443,12.31956,B_train_20
0.318756,-0.119294,0,76.594667,12.317384,B_train_20
0.41615,0.027557,0,76.592724,12.316618,B_train_20
0.265627,-0.015824,0,76.592275,12.316102,B_train_20
0.390856,-0.101698,0,76.593329,12.318583,B_train_20
0.376677,0.092025,0,76.592485,12.318548,B_train_20
0.359188,-0.145491,0,76.593404,12.317362,B_train_20
0.367146,0.023532,0,76.593822,12.316287,B_train_20
0.191815,0.030047,0,76.593754,12.317639,B_train_20
0.325128,-0.10365,0,76.592498,12.317245,B_train_20
0.34754,0.072327,1,76.592542,12.31737,B_train_20
0.393091,0.073815,1,76.592362,12.317081,B_train_20
0.193596,0.054099,1,76.593166,12.319866,B_train_20
0.238528,0.061884,1,76.591617,12.318231,B_train_20
0.278152,0.191905,1,76.593215,12.317389,B_train_20
0.299611,0.119264,1,76.593167,12.318322,B_train_20
0.223328,0.059316,1,76.594048,12.316557,B_train_20
0.309684,0.128787,1,76.594335,12.317776,B_train_20
0.246831,0.056633,1,76.592762,12.318505,B_train_20
0.278988,0.162119,1,76.592209,12.317956,B_train_20
0.31824,0.105875,1,76.592037,12.317607,B_train_20
0.28045,0.072489,1,76.591778,12.319975,B_train_20
0.249453,0.11134,1,76.591231,12.319521,B_train_20
0.490096,-0.081332,0,76.624047,12.316437,B_train_21
0.575835,-0.02847,0,76.622546,12.319416,B_train_21
0.257045,-0.077455,0,76.623045,12.317757,B_train_21
0.42967,-0.000274,0,76.622969,12.319388,B_train_21
0.333469,-0.079569,0,76.623309,12.319572,B_train_21
0.369405,-0.019832,0,76.624462,12.31625,B_train_21
0.644434,-0.052341,0,76.624923,12.319534,B_train_21
0.229703,0.040084,0,76.62263,12.317793,B_train_21
0.405374,-0.054111,0,76.62431,12.318042,B_train_21
0.426769,-0.191843,0,76.624058,12.318506,B_train_21
0.488579,0.050954,0,76.623294,12.319706,B_train_21
0.389798,-0.122459,0,76.624824,12.316076,B_train_21
0.410805,-0.102301,0,76.621802,12.317907,B_train_21
0.358688,0.110235,1,76.622395,12.316292,B_train_21
0.346327,0.136029,1,76.621444,12.317611,B_train_21
0.225899,0.1328,1,76.624233,12.317181,B_train_21
0.308494,0.163224,1,76.624791,12.31693,B_train_21
0.211984,0.129581,1,76.621289,12.317124,B_train_21
0.183427,0.104601,1,76.62482,12.319214,B_train_21
0.23613,0.154911,1,76.62309,12.319717,B_train_21
0.340368,0.078144,1,76.622198,12.31762,B_train_21
0.346719,0.018269,1,76.621307,12.319624,B_train_21
0.315916,0.068585,1,76.623002,12.317286,B_train_21
0.330757,0.027857,1,76.624178,12.317906,B_train_21
0.316132,0.032738,1,76.623828,12.316904,B_train_21
0.235096,0.069884,1,76.621201,12.318562,B_train_21
0.385993,-0.009562,0,76.651001,12.317082,B_train_22
0.407738,0.034817,0,76.653045,12.319371,B_train_22
0.516066,0.15,0,76.651187,12.317253,B_train_22
0.249118,-0.018607,0,76.652105,12.319156,B_train_22
0.17,-0.090717,0,76.653828,12.319567,B_train_22
0.398385,-0.052046,0,76.651251,12.317735,B_train_22
0.560051,-0.191526,0,76.654357,12.31964,B_train_22
0.503895,-0.105577,0,76.651015,12.317509,B_train_22
0.400966,-0.082743,0,76.651987,12.319856,B_train_22
0.330836,-0.091927,0,76.653964,12.316357,B_train_22
0.460712,-0.037812,0,76.652265,12.318748,B_train_22
0.282645,-0.115794,0,76.651408,12.317975,B_train_22
0.427636,0.039682,0,76.652441,12.317551,B_train_22
0.379592,0.122084,1,76.652889,12.316797,B_train_22
0.344835,-0.02107,1,76.654521,12.319561,B_train_22
0.347578,-0.080733,1,76.651863,12.31715,B_train_22
0.366529,0.041462,1,76.653711,12.317471,B_train_22
0.286206,-0.00545,1,76.653431,12.316232,B_train_22
0.293812,0.04443,1,76.652181,12.316446,B_train_22
0.236764,0.069655,1,76.651546,12.318063,B_train_22
0.257875,0.048273,1,76.653607,12.31707,B_train_22
0.323104,0.181673,1,76.653954,12.319342,B_train_22
0.364272,0.102872,1,76.652263,12.316059,B_train_22
0.270239,0.101033,1,76.653579,12.317516,B_train_22
0.248487,0.123555,1,76.652581,12.317349,B_train_22
0.280037,0.000282,1,76.653853,12.316077,B_train_22
0.35714,0.007455,0,76.684388,12.317895,B_train_23
0.280565,-0.014922,0,76.681094,12.316231,B_train_23
0.17,-0.048431,0,76.684594,12.319831,B_train_23
0.360897,0.003829,0,76.684133,12.319771,B_train_23
0.621262,-0.002655,0,76.684122,12.319141,B_train_23
0.45846,-0.078323,0,76.682832,12.319965,B_train_23
0.378074,-0.095888,0,76.682592,12.318178,B_train_23
0.353711,-0.041851,0,76.682212,12.319851,B_train_23
0.382247,0.073922,0,76.681263,12.316302,B_train_23
0.434712,-0.149129,0,76.681913,12.317463,B_train_23
0.261919,-0.167402,0,76.681986,12.316902,B_train_23
0.491432,-0.036819,0,76.682936,12.316783,B_train_23
0.451538,-0.045929,0,76.68399,12.316563,B_train_23
0.369715,0.074683,1,76.683186,12.316788,B_train_23
0.319038,0.057611,1,76.682731,12.319806,B_train_23
0.202198,0.090623,1,76.681176,12.319979,B_train_23
0.297255,0.02154,1,76.681663,12.318847,B_train_23
0.314876,0.226268,1,76.682782,12.319925,B_train_23
0.35981,-0.032536,1,76.681837,12.318278,B_train_23
0.390638,0.092932,1,76.6812,12.317038,B_train_23
0.208943,0.221652,1,76.684375,12.317748,B_train_23
0.22324,0.080476,1,76.684925,12.318374,B_train_23
0.19197,0.066697,1,76.684173,12.316292,B_train_23
0.263619,0.054979,1,76.684415,12.318489,B_train_23
0.312645,0.067373,1,76.681968,12.319925,B_train_23
0.349113,0.176099,1,76.684843,12.31676,B_train_23
0.422589,-0.050057,0,76.712591,12.317004,B_train_24
0.381915,-0.150033,0,76.714678,12.318256,B_train_24
0.315851,-0.001639,0,76.714973,12.317434,B_train_24
0.428787,0.020587,0,76.71118,12.318627,B_train_24
0.560435,-0.086167,0,76.714044,12.316962,B_train_24
0.36091,-0.087603,0,76.712487,12.316766,B_train_24
0.451976,-0.02873,0,76.71257,12.319673,B_train_24
0.250673,-0.084938,0,76.714017,12.316407,B_train_24
0.284356,-0.055291,0,76.714674,12.318024,B_train_24
0.427241,0.117978,0,76.714804,12.316883,B_train_24
0.528412,-0.069762,0,76.713308,12.316156,B_train_24
0.415561,-0.078667,0,76.712428,12.316144,B_train_24
0.348694,-0.101803,0,76.71415,12.316701,B_train_24
0.251507,0.185781,1,76.714084,12.316219,B_train_24
0.328042,-0.021582,1,76.713619,12.319892,B_train_24
0.287413,0.079154,1,76.711606,12.316905,B_train_24
0.320909,-0.007668,1,76.714504,12.317217,B_train_24
0.418351,0.105454,1,76.713156,12.317216,B_train_24
0.170503,0.142082,1,76.71213,12.316922,B_train_24
0.393205,0.050547,1,76.712701,12.316006,B_train_24
0.287305,-0.102295,1,76.71115,12.318917,B_train_24
0.217085,0.093926,1,76.711511,12.319867,B_train_24
0.186878,0.110572,1,76.714062,12.316897,B_train_24
0.266762,0.108301,1,76.711,12.318652,B_train_24
0.344516,0.166505,1,76.712666,12.318968,B_train_24
0.271072,0.005026,1,76.71309,12.319394,B_train_24
0.207419,-0.114661,0,76.562477,12.352381,B_train_25
0.312244,-0.116436,0,76.564732,12.352342,B_train_25
0.499411,-0.008199,0,76.56431,12.354914,B_train_25
0.281883,-0.016528,0,76.563789,12.354426,B_train_25
0.33356,0.062128,0,76.563857,12.353805,B_train_25
0.426206,0.002036,0,76.562847,12.353908,B_train_25
0.458339,-0.170246,0,76.564684,12.353248,B_train_25
0.354846,0.034156,0,76.563778,12.354788,B_train_25
0.320249,-0.129845,0,76.563916,12.352985,B_train_25
0.522237,-0.080718,0,76.564447,12.352522,B_train_25
0.55389,-0.029984,0,76.562096,12.351652,B_train_25
0.477886,0.109653,0,76.564228,12.354145,B_train_25
0.388532,0.15,0,76.561781,12.353938,B_train_25
0.259422,0.043178,1,76.564624,12.354135,B_train_25
0.274988,-0.070734,1,76.561049,12.352143,B_train_25
0.173749,0.156801,1,76.563696,12.352731,B_train_25
0.255008,0.046481,1,76.561207,12.353742,B_train_25
0.342327,0.019606,1,76.563195,12.35233,B_train_25
0.320264,0.128544,1,76.562151,12.351226,B_train_25
0.315047,0.052559,1,76.562227,12.352496,B_train_25
0.283484,0.154196,1,76.562412,12.354778,B_train_25
0.280494,0.12319,1,76.563485,12.353567,B_train_25
0.233778,0.12785,1,76.562336,12.353686,B_train_25
0.328918,-0.015617,1,76.563931,12.353529,B_train_25
0.309468,0.164836,1,76.562618,12.351796,B_train_25
0.314441,0.098288,1,76.561273,12.352673,B_train_25
0.338653,-0.124361,0,76.593396,12.354464,B_train_26
0.406028,-0.169722,0,76.593495,12.354787,B_train_26
0.283624,-0.102002,0,76.593594,12.351424,B_train_26
0.284285,-0.056675,0,76.59207,12.351619,B_train_26
0.414379,-0.165972,0,76.59106,12.354779,B_train_26
0.375135,-0.123749,0,76.59486,12.353946,B_train_26
0.38328,-0.130317,0,76.592004,12.354532,B_train_26
0.30415,-0.033419,0,76.593704,12.351811,B_train_26
0.35696,-0.044452,0,76.593827,12.35335,B_train_26
0.287577,-0.107739,0,76.59344,12.353805,B_train_26
0.46902,-0.035854,0,76.592252,12.35372,B_train_26
0.483525,-0.093734,0,76.592084,12.352633,B_train_26
0.195381,-0.071732,0,76.593391,12.351062,B_train_26
0.172822,0.137823,1,76.592083,12.353177,B_train_26
0.315998,0.049427,1,76.59199,12.351801,B_train_26
0.320044,-0.03246,1,76.59125,12.353467,B_train_26
0.275647,0.202471,1,76.592836,12.353972,B_train_26
0.358705,0.176702,1,76.593931,12.353952,B_train_26
0.256615,-0.010458,1,76.593427,12.353086,B_train_26
0.319522,0.12828,1,76.593691,12.351274,B_train_26
0.208623,0.044792,1,76.591325,12.352484,B_train_26
0.278351,0.098444,1,76.594806,12.354683,B_train_26
0.267795,0.100596,1,76.594354,12.353338,B_train_26
0.295772,0.063591,1,76.59422,12.353153,B_train_26
0.254133,0.025136,1,76.594292,12.352075,B_train_26
0.270797,0.031662,1,76.594731,12.352474,B_train_26
0.410382,-0.053633,0,76.624257,12.354655,B_train_27
0.452156,-0.047969,0,76.623741,12.354811,B_train_27
0.356913,-0.203574,0,76.621442,12.352307,B_train_27
0.525326,-0.051107,0,76.622157,12.352418,B_train_27
0.246139,-0.105178,0,76.622239,12.353023,B_train_27
0.449292,-0.08945,0,76.622,12.354764,B_train_27
0.319414,0.065491,0,76.62306,12.354505,B_train_27
0.551938,-0.150521,0,76.623142,12.35141,B_train_27
0.579252,0.015056,0,76.622428,12.352571,B_train_27
0.303334,-0.072317,0,76.622415,12.353213,B_train_27
0.325044,-0.072381,0,76.624314,12.353013,B_train_27
0.465959,0.01323,0,76.624157,12.351775,B_train_27
0.341287,-0.022796,0,76.622231,12.354435,B_train_27
0.344526,0.144292,1,76.622663,12.351469,B_train_27
0.313788,-0.0072,1,76.622716,12.352349,B_train_27
0.309407,0.083845,1,76.623164,12.351571,B_train_27
0.32248,0.030329,1,76.623786,12.353768,B_train_27
0.423958,-0.008095,1,76.623809,12.351825,B_train_27
0.200838,0.064809,1,76.621687,12.352567,B_train_27
0.313154,0.058406,1,76.623,12.354583,B_train_27
0.215153,0.24987,1,76.622648,12.351817,B_train_27
0.318886,0.110307,1,76.624482,12.353031,B_train_27
0.215692,-0.016433,1,76.623526,12.352677,B_train_27
0.250784,0.040466,1,76.62313,12.351072,B_train_27
0.259344,0.151497,1,76.621462,12.354171,B_train_27
0.348307,0.226191,1,76.623423,12.351276,B_train_27
0.642079,-0.066238,0,76.652734,12.351033,B_train_28
0.268803,-0.114003,0,76.654989,12.351871,B_train_28
0.526418,-0.055082,0,76.653236,12.353647,B_train_28
0.479686,0.048995,0,76.652285,12.352936,B_train_28
0.408064,-0.086584,0,76.65188,12.351021,B_train_28
0.555862,-0.053426,0,76.652402,12.354218,B_train_28
0.417211,-0.045358,0,76.65249,12.354091,B_train_28
0.418916,0.017874,0,76.651275,12.353194,B_train_28
0.374688,-0.229751,0,76.652478,12.351266,B_train_28
0.502357,-0.098536,0,76.652857,12.354066,B_train_28
0.489647,-0.033097,0,76.653891,12.353335,B_train_28
0.317432,0.046006,0,76.653627,12.354128,B_train_28
0.248075,-0.089352,0,76.653835,12.354007,B_train_28
0.285868,0.155008,1,76.654631,12.353545,B_train_28
0.378732,0.093344,1,76.653028,12.352298,B_train_28
0.308683,0.145892,1,76.651752,12.352078,B_train_28
0.219724,0.007723,1,76.651308,12.351764,B_train_28
0.378236,0.107855,1,76.653785,12.353779,B_train_28
0.328853,0.206651,1,76.652531,12.351875,B_train_28
0.248987,0.064737,1,76.654287,12.353381,B_train_28
0.246435,0.020666,1,76.653638,12.352059,B_train_28
0.30076,0.034354,1,76.654185,12.353648,B_train_28
0.312423,0.003726,1,76.652088,12.35426,B_train_28
0.29381,0.025067,1,76.653769,12.354112,B_train_28
0.301792,0.054064,1,76.652056,12.354043,B_train_28
0.398997,-0.01839,1,76.654756,12.351751,B_train_28
0.406044,-0.024708,0,76.681928,12.354963,B_train_29
0.326116,-0.012459,0,76.681058,12.354027,B_train_29
0.279145,-0.172846,0,76.684057,12.352769,B_train_29
0.183737,0.010543,0,76.683495,12.35383,B_train_29
0.414965,-0.001002,0,76.684049,12.352557,B_train_29
0.22352,-0.131335,0,76.681156,12.351916,B_train_29
0.389534,-0.069526,0,76.684348,12.353387,B_train_29
0.353655,-0.053145,0,76.683478,12.354713,B_train_29
0.447914,-0.06076,0,76.683254,12.354717,B_train_29
0.349795,-0.023291,0,76.683498,12.352368,B_train_29
0.347055,0.064509,0,76.684458,12.353111,B_train_29
0.453187,0.036541,0,76.683348,12.351847,B_train_29
0.413506,-0.154978,0,76.683324,12.354983,B_train_29
0.323786,0.046029,1,76.684844,12.352693,B_train_29
0.341966,0.166161,1,76.683144,12.351338,B_train_29
0.238535,0.197951,1,76.682954,12.353427,B_train_29
0.288648,0.119402,1,76.682608,12.354524,B_train_29
0.416791,0.018413,1,76.681615,12.354532,B_train_29
0.244598,0.219094,1,76.68329,12.353636,B_train_29
0.205876,0.042832,1,76.682108,12.351845,B_train_29
0.383716,0.05654,1,76.684685,12.354452,B_train_29
0.417381,0.103964,1,76.683333,12.354544,B_train_29
0.280259,0.188791,1,76.683371,12.351787,B_train_29
0.350802,0.139778,1,76.68242,12.35395,B_train_29
0.373903,0.109041,1,76.681208,12.352146,B_train_29
0.228026,0.11243,1,76.681127,12.354211,B_train_29
0.405317,-0.06932,0,76.711842,12.353022,B_train_30
0.462034,-0.054941,0,76.714236,12.351576,B_train_30
0.376639,-0.011645,0,76.711588,12.353496,B_train_30
0.425474,0.019961,0,76.712371,12.352095,B_train_30
0.328357,-0.101981,0,76.714459,12.352951,B_train_30
0.360353,-0.146256,0,76.71162,12.351329,B_train_30
0.359414,-0.133364,0,76.711331,12.352838,B_train_30
0.305342,-0.088976,0,76.712938,12.352226,B_train_30
0.362323,-0.078154,0,76.71221,12.35429,B_train_30
0.225138,-0.1116,0,76.713254,12.351228,B_train_30
0.330885,-0.153689,0,76.714215,12.352674,B_train_30
0.351512,-0.08649,0,76.711549,12.352834,B_train_30
0.354382,-0.035486,0,76.713323,12.3539,B_train_30
0.408279,0.07566,1,76.711919,12.35488,B_train_30
0.336991,0.146601,1,76.713211,12.353285,B_train_30
0.313745,0.054345,1,76.712489,12.351572,B_train_30
0.305811,-0.039271,1,76.713647,12.352498,B_train_30
0.307566,0.015287,1,76.711565,12.354191,B_train_30
0.145063,0.189402,1,76.713284,12.35247,B_train_30
0.260478,0.06082,1,76.711741,12.351348,B_train_30
0.339161,0.062963,1,76.712115,12.353227,B_train_30
0.276577,0.059011,1,76.711875,12.35438,B_train_30
0.181637,0.21329,1,76.711731,12.354184,B_train_30
0.276332,0.193817,1,76.714303,12.3517,B_train_30
0.399287,0.235315,1,76.712143,12.353691,B_train_30
0.367282,0.068867,1,76.714708,12.351882,B_train_30
