configuration,fold,n_estimators,max_depth,min_samples_split,min_samples_leaf,accuracy,precision,recall,f1,roc_auc
A_BASELINE,1,100,5,10,5,0.8209876543209876,0.8023255813953488,0.8518518518518519,0.8263473053892215,0.8898033836305441
A_BASELINE,2,100,5,10,5,0.8333333333333334,0.8461538461538461,0.8148148148148148,0.8301886792452831,0.9228776101204084
A_BASELINE,3,100,5,10,5,0.9006211180124224,0.9113924050632911,0.8888888888888888,0.9,0.9526234567901234
A_BASELINE,4,100,5,10,5,0.8875,0.8780487804878049,0.9,0.8888888888888888,0.92890625
A_BASELINE,5,100,5,10,5,0.85,0.8589743589743589,0.8375,0.8481012658227848,0.9028125
B_TREE_COUNT,1,200,5,10,5,0.8271604938271605,0.8192771084337349,0.8395061728395061,0.8292682926829268,0.8884316415180613
B_TREE_COUNT,2,200,5,10,5,0.845679012345679,0.868421052631579,0.8148148148148148,0.8407643312101911,0.921048620637098
B_TREE_COUNT,3,200,5,10,5,0.9006211180124224,0.9113924050632911,0.8888888888888888,0.9,0.9521604938271604
B_TREE_COUNT,4,200,5,10,5,0.89375,0.8888888888888888,0.9,0.8944099378881988,0.931875
B_TREE_COUNT,5,200,5,10,5,0.85,0.8589743589743589,0.8375,0.8481012658227848,0.9042187500000001
C_SHALLOWER_DEPTH,1,100,3,10,5,0.8271604938271605,0.8271604938271605,0.8271604938271605,0.8271604938271605,0.8876695625666818
C_SHALLOWER_DEPTH,2,100,3,10,5,0.8333333333333334,0.8461538461538461,0.8148148148148148,0.8301886792452831,0.9314891022709952
C_SHALLOWER_DEPTH,3,100,3,10,5,0.9006211180124224,0.9113924050632911,0.8888888888888888,0.9,0.9523148148148148
C_SHALLOWER_DEPTH,4,100,3,10,5,0.8875,0.8780487804878049,0.9,0.8888888888888888,0.93296875
C_SHALLOWER_DEPTH,5,100,3,10,5,0.85,0.85,0.85,0.85,0.912578125
D_DEEPER_DEPTH,1,100,8,10,5,0.8209876543209876,0.8095238095238095,0.8395061728395061,0.8242424242424242,0.8835543362292334
D_DEEPER_DEPTH,2,100,8,10,5,0.845679012345679,0.8589743589743589,0.8271604938271605,0.8427672955974843,0.9120560890108215
D_DEEPER_DEPTH,3,100,8,10,5,0.9006211180124224,0.9113924050632911,0.8888888888888888,0.9,0.9520061728395063
D_DEEPER_DEPTH,4,100,8,10,5,0.89375,0.8888888888888888,0.9,0.8944099378881988,0.9260937499999999
D_DEEPER_DEPTH,5,100,8,10,5,0.8375,0.8461538461538461,0.825,0.8354430379746836,0.8953125
E_SPLIT_CONSTRAINT,1,100,5,5,2,0.8148148148148148,0.8,0.8395061728395061,0.8192771084337349,0.8862216125590611
E_SPLIT_CONSTRAINT,2,100,5,5,2,0.8395061728395061,0.8481012658227848,0.8271604938271605,0.8375,0.9202865416857187
E_SPLIT_CONSTRAINT,3,100,5,5,2,0.9006211180124224,0.9113924050632911,0.8888888888888888,0.9,0.9507716049382715
E_SPLIT_CONSTRAINT,4,100,5,5,2,0.8875,0.8780487804878049,0.9,0.8888888888888888,0.930625
E_SPLIT_CONSTRAINT,5,100,5,5,2,0.86875,0.8734177215189873,0.8625,0.8679245283018868,0.9094531250000001
F_STRONGER_REGULARIZATION,1,100,5,20,10,0.8395061728395061,0.8395061728395061,0.8395061728395061,0.8395061728395061,0.8879743941472337
F_STRONGER_REGULARIZATION,2,100,5,20,10,0.8395061728395061,0.8666666666666667,0.8024691358024691,0.8333333333333334,0.9282121627800639
F_STRONGER_REGULARIZATION,3,100,5,20,10,0.9006211180124224,0.9113924050632911,0.8888888888888888,0.9,0.9524691358024692
F_STRONGER_REGULARIZATION,4,100,5,20,10,0.89375,0.8888888888888888,0.9,0.8944099378881988,0.93359375
F_STRONGER_REGULARIZATION,5,100,5,20,10,0.85625,0.8701298701298701,0.8375,0.8535031847133758,0.9103125
